Expiry,Days_left,Building,Unit_type,Sqft,Current_rent,Market_rent,Vs_market_pct,Tenant,Last_action
2026-10-05,0,Sidra 2,5 bed rooms+hall,6051.0,925000.0,635000.0,46.0,Person,New
2026-10-05,0,Sidra 3,4 bed rooms+hall,6276.0,650000.0,450000.0,44.0,Person,New
2026-10-05,0,SIDRA,4 bed rooms+hall,4736.0,368445.0,430000.0,-14.0,Authority,Renew
2026-10-05,0,Maple III,3 bed rooms+hall,2094.0,245000.0,230000.0,7.0,Person,New
2026-10-05,0,Dubai Hills Estate,2 bed rooms+hall,1374.0,240000.0,,,Person,New
2026-10-05,0,ACACIA AT PARK HEIGHTS,2 bed rooms+hall,1559.0,205000.0,190000.0,8.0,Person,New
2026-10-05,0,Dubai Hills Estate,2 bed rooms+hall,1025.0,140000.0,,,Person,New
2026-10-05,0,ACACIA AT PARK HEIGHTS,1bed room+Hall,772.0,105000.0,120000.0,-13.0,Authority,New
2026-10-05,0,Park Point,1bed room+Hall,688.0,100000.0,92000.0,9.0,Authority,New
2026-10-05,0,ACACIA AT PARK HEIGHTS,1bed room+Hall,917.0,95000.0,120000.0,-21.0,Person,Renew
2026-10-05,0,Collective,1bed room+Hall,476.0,90000.0,78000.0,15.0,Person,New
2026-10-05,0,Socio,1bed room+Hall,475.0,80000.0,81666.0,-2.0,Authority,New
2026-10-05,0,Golf ville,1bed room+Hall,507.0,72000.0,75000.0,-4.0,Authority,New
2026-10-05,0,MAG EYE Phase 1,Studio,408.0,60000.0,55000.0,9.0,Person,New
2026-10-06,1,Golf Place,4 bed rooms+hall,7615.0,1350000.0,1200000.0,13.0,Person,New
2026-10-06,1,ACACIA AT PARK HEIGHTS,3 bed rooms+hall,2126.0,575000.0,275000.0,109.0,Authority,New
2026-10-06,1,Golf Grove,4 bed rooms+hall,3761.0,425000.0,450000.0,-6.0,Authority,Renew
2026-10-06,1,MAPLE 2,5 bed rooms+hall,3255.0,355000.0,295000.0,20.0,Person,New
2026-10-06,1,Maple III,4 bed rooms+hall,3019.0,300000.0,275000.0,9.0,Person,New
2026-10-06,1,MAPLE 2,4 bed rooms+hall,3223.0,300000.0,265000.0,13.0,Person,New
2026-10-06,1,MAPLE,4 bed rooms+hall,2931.0,300000.0,260000.0,15.0,Authority,New
2026-10-06,1,PARK HEIGHTS II,2 bed rooms+hall,957.0,180000.0,124000.0,45.0,Person,Renew
2026-10-06,1,Golf Suites - Dubai Hills,2 bed rooms+hall,1121.0,168000.0,162500.0,3.0,Authority,New
2026-10-06,1,Golf Suites - Dubai Hills,2 bed rooms+hall,1209.0,162000.0,162500.0,-0.0,Person,Renew
2026-10-06,1,Collective 2.0,2 bed rooms+hall,744.0,115000.0,112500.0,2.0,Authority,Renew
2026-10-06,1,Golf ville,2 bed rooms+hall,745.0,110000.0,105000.0,5.0,Authority,Renew
2026-10-06,1,Park Field,1bed room+Hall,758.0,107000.0,110000.0,-3.0,Person,New
2026-10-06,1,Golf ville,2 bed rooms+hall,752.0,100000.0,105000.0,-5.0,Authority,Renew
2026-10-06,1,Golf ville,1bed room+Hall,507.0,90000.0,75000.0,20.0,Authority,New
2026-10-06,1,MAG EYE Phase 1,1bed room+Hall,803.0,85000.0,80000.0,6.0,Person,New
2026-10-06,1,ACACIA AT PARK HEIGHTS,1bed room+Hall,952.0,83000.0,120000.0,-31.0,Person,Renew
2026-10-06,1,Golf ville,1bed room+Hall,496.0,80000.0,75000.0,7.0,Authority,Renew
2026-10-06,1,Golf ville,1bed room+Hall,500.0,80000.0,75000.0,7.0,Authority,New
2026-10-06,1,Dubai Hills Estate,1bed room+Hall,837.0,78750.0,,,Person,Renew
2026-10-06,1,Socio,1bed room+Hall,486.0,78000.0,81666.0,-4.0,Person,New
2026-10-06,1,Golf ville,1bed room+Hall,507.0,75000.0,75000.0,0.0,Person,New
2026-10-07,2,The Fairway at Dubai Hills,6 bed rooms+hall,134075.0,1500000.0,1600000.0,-6.0,Person,New
2026-10-07,2,Sidra 3,3 bed rooms+hall,4578.0,370000.0,372500.0,-1.0,Authority,New
2026-10-07,2,SIDRA,3 bed rooms+hall,4371.0,340000.0,400000.0,-15.0,Person,Renew
2026-10-07,2,MAPLE,3 bed rooms+hall,2071.0,265000.0,244565.22,8.0,Person,New
2026-10-07,2,ACACIA AT PARK HEIGHTS,2 bed rooms+hall,1304.0,185000.0,190000.0,-3.0,Person,New
2026-10-07,2,PARK RIDGE,1bed room+Hall,657.0,130000.0,95000.0,37.0,Authority,New
2026-10-07,2,Collective,2 bed rooms+hall,741.0,120000.0,101134.76999999999,19.0,Person,New
2026-10-07,2,Collective,2 bed rooms+hall,743.0,110000.0,101134.76999999999,9.0,Authority,Renew
2026-10-07,2,PARK HEIGHTS II,1bed room+Hall,645.0,102000.0,87500.0,17.0,Authority,New
2026-10-07,2,Golf ville,2 bed rooms+hall,740.0,92400.0,105000.0,-12.0,Authority,New
2026-10-07,2,PARK RIDGE,1bed room+Hall,650.0,86000.0,95000.0,-9.0,Authority,Renew
2026-10-07,2,PARK HEIGHTS II,1bed room+Hall,657.0,85000.0,87500.0,-3.0,Person,New
2026-10-08,3,Golf Place,4 bed rooms+hall,7615.0,1350000.0,1200000.0,13.0,Authority,New
2026-10-08,3,Club Villas at Dubai Hills,4 bed rooms+hall,3441.0,450000.0,524000.0,-14.0,Authority,Renew
2026-10-08,3,MAPLE,4 bed rooms+hall,2172.0,285000.0,260000.0,10.0,,Renew
2026-10-08,3,ELLINGTON HOUSE,2 bed rooms+hall,1273.0,255000.0,273000.0,-7.0,Person,New
2026-10-08,3,MULBERRY at PARK HEIGHTS,2 bed rooms+hall,1361.0,240000.0,178508.715,34.0,Person,New
2026-10-08,3,ACACIA AT PARK HEIGHTS,2 bed rooms+hall,1322.0,205000.0,190000.0,8.0,Person,New
2026-10-08,3,MAG EYE Phase 1,3 bed rooms+hall,1460.0,180000.0,190000.0,-5.0,Authority,New
2026-10-08,3,PARK RIDGE,2 bed rooms+hall,992.0,148876.0,150000.0,-1.0,Authority,Renew
2026-10-08,3,Golf ville,2 bed rooms+hall,751.0,140000.0,105000.0,33.0,Authority,New
2026-10-08,3,Socio,2 bed rooms+hall,729.0,140000.0,115000.0,22.0,Person,New
2026-10-08,3,PARK HEIGHTS II,2 bed rooms+hall,957.0,135000.0,124000.0,9.0,Authority,New
2026-10-08,3,Dubai Hills Estate,1bed room+Hall,772.0,100000.0,,,Person,New
2026-10-08,3,Dubai Hills Estate,1bed room+Hall,772.0,100000.0,,,Person,New
2026-10-08,3,PARK HEIGHTS II,1bed room+Hall,645.0,95000.0,87500.0,9.0,Authority,Renew
2026-10-08,3,PARK RIDGE,1bed room+Hall,669.0,95000.0,95000.0,0.0,Person,New
2026-10-08,3,ACACIA AT PARK HEIGHTS,1bed room+Hall,934.0,78771.0,120000.0,-34.0,Person,Renew
2026-10-08,3,Collective 2.0,1bed room+Hall,489.0,75000.0,80000.0,-6.0,Authority,New
2026-10-09,4,Golf Place ll,4 bed rooms+hall,8591.0,1300000.0,1175000.0,11.0,Authority,New
2026-10-09,4,Sidra 3,4 bed rooms+hall,4830.0,500000.0,450000.0,11.0,Authority,Renew
2026-10-09,4,SIDRA,4 bed rooms+hall,4756.0,450000.0,430000.0,5.0,Authority,Renew
2026-10-09,4,SIDRA,4 bed rooms+hall,5429.0,430000.0,430000.0,0.0,Authority,New
2026-10-09,4,SIDRA,3 bed rooms+hall,4872.0,390000.0,400000.0,-3.0,Person,Renew
2026-10-09,4,MAPLE,5 bed rooms+hall,2990.0,360000.0,297500.0,21.0,Person,New
2026-10-09,4,MULBERRY at PARK HEIGHTS,2 bed rooms+hall,1362.0,330000.0,178508.715,85.0,Authority,New
2026-10-09,4,Maple III,4 bed rooms+hall,3173.0,310000.0,275000.0,13.0,Authority,New
2026-10-09,4,Maple III,4 bed rooms+hall,2265.0,300000.0,275000.0,9.0,Authority,New
2026-10-09,4,MAG EYE Phase 1,4 bed rooms+hall,3486.0,290000.0,300000.0,-3.0,Person,Renew
2026-10-09,4,MAPLE,4 bed rooms+hall,3126.0,290000.0,260000.0,12.0,Authority,Renew
2026-10-09,4,MAPLE,4 bed rooms+hall,3120.0,285000.0,260000.0,10.0,Authority,New
2026-10-09,4,Dubai Hills Estate,Office,3015.0,282925.51,,,Authority,New
2026-10-09,4,MAPLE 2,4 bed rooms+hall,2168.0,280000.0,265000.0,6.0,Authority,Renew
2026-10-09,4,MAPLE,4 bed rooms+hall,2175.0,280000.0,260000.0,8.0,Authority,Renew
2026-10-09,4,MAPLE,4 bed rooms+hall,2172.0,270000.0,260000.0,4.0,Authority,Renew
2026-10-09,4,Maple III,4 bed rooms+hall,2259.0,265000.0,275000.0,-4.0,Authority,Renew
2026-10-09,4,Maple III,3 bed rooms+hall,2094.0,265000.0,230000.0,15.0,Authority,Renew
2026-10-09,4,MAPLE,3 bed rooms+hall,2094.0,250000.0,244565.22,2.0,Authority,Renew
2026-10-09,4,Maple III,3 bed rooms+hall,2181.0,240000.0,230000.0,4.0,Authority,Renew
2026-10-09,4,ACACIA AT PARK HEIGHTS,2 bed rooms+hall,1318.0,220000.0,190000.0,16.0,Person,New
2026-10-09,4,MAG EYE Phase 1,3 bed rooms+hall,2253.0,210000.0,190000.0,11.0,Person,New
2026-10-09,4,MAG EYE Phase 1,2 bed rooms+hall,1411.0,200000.0,160000.0,25.0,Person,New
2026-10-09,4,PARK RIDGE,2 bed rooms+hall,987.0,200000.0,150000.0,33.0,Authority,New
2026-10-09,4,MAG EYE Phase 1,3 bed rooms+hall,1407.0,195000.0,190000.0,3.0,Person,Renew
2026-10-09,4,MULBERRY at PARK HEIGHTS,2 bed rooms+hall,1308.0,190000.0,178508.715,6.0,Authority,New
2026-10-09,4,MULBERRY at PARK HEIGHTS,2 bed rooms+hall,1350.0,190000.0,178508.715,6.0,Person,New
2026-10-09,4,MAG EYE Phase 1,3 bed rooms+hall,1460.0,185000.0,190000.0,-3.0,Person,New
2026-10-09,4,PARK RIDGE,2 bed rooms+hall,993.0,170000.0,150000.0,13.0,Person,New
2026-10-09,4,PARK RIDGE,2 bed rooms+hall,995.0,165000.0,150000.0,10.0,Person,New
2026-10-09,4,PARK RIDGE,2 bed rooms+hall,1006.0,160000.0,150000.0,7.0,Person,Renew
2026-10-09,4,MAG EYE Phase 1,2 bed rooms+hall,1425.0,160000.0,160000.0,0.0,Person,Renew
2026-10-09,4,MULBERRY at PARK HEIGHTS,2 bed rooms+hall,1305.0,148000.0,178508.715,-17.0,Person,Renew
2026-10-09,4,Dubai Hills Estate,1bed room+Hall,752.0,130000.0,,,Authority,New
2026-10-09,4,Collective 2.0,2 bed rooms+hall,741.0,130000.0,112500.0,16.0,Person,New
2026-10-09,4,PARK HEIGHTS II,1bed room+Hall,645.0,125000.0,87500.0,43.0,Person,New
2026-10-09,4,MULBERRY at PARK HEIGHTS,1bed room+Hall,871.0,120000.0,120000.0,0.0,Authority,New
2026-10-09,4,Dubai Hills Estate,1bed room+Hall,736.0,115000.0,,,Authority,Renew
2026-10-09,4,Golf ville,2 bed rooms+hall,748.0,115000.0,105000.0,10.0,Person,New
2026-10-09,4,PARK RIDGE,1bed room+Hall,652.0,110000.0,95000.0,16.0,Authority,New
2026-10-09,4,Dubai Hills Estate,1bed room+Hall,806.0,110000.0,,,Authority,New
2026-10-09,4,Park Heights I,1bed room+Hall,646.0,100000.0,89000.0,12.0,Person,New
2026-10-09,4,Park Heights I,1bed room+Hall,646.0,90000.0,89000.0,1.0,Person,New
2026-10-09,4,PARK HEIGHTS II,1bed room+Hall,645.0,88000.0,87500.0,1.0,Person,New
2026-10-09,4,PARK HEIGHTS II,1bed room+Hall,645.0,85000.0,87500.0,-3.0,Authority,Renew
2026-10-09,4,Collective,1bed room+Hall,476.0,85000.0,78000.0,9.0,Person,Renew
2026-10-09,4,THE GROVE BY IMAN,Studio,417.0,80000.0,75000.0,7.0,Authority,New
2026-10-09,4,Collective 2.0,1bed room+Hall,477.0,75000.0,80000.0,-6.0,Person,New
2026-10-09,4,Collective,1bed room+Hall,488.0,73000.0,78000.0,-6.0,Person,Renew
2026-10-09,4,Dubai Hills Estate,Studio,389.0,59000.0,,,Authority,New
2026-10-09,4,MAG EYE Phase 1,Studio,391.0,57000.0,55000.0,4.0,Authority,New
2026-10-09,4,MAG EYE Phase 1,Studio,412.0,55000.0,55000.0,0.0,Authority,New
2026-10-10,5,The Fairway at Dubai Hills,6 bed rooms+hall,10795.0,900000.0,1600000.0,-44.0,Person,New
2026-10-10,5,SIDRA,4 bed rooms+hall,5169.0,590000.0,430000.0,37.0,Person,Renew
2026-10-10,5,Maple III,4 bed rooms+hall,2922.0,280000.0,275000.0,2.0,Authority,New
2026-10-10,5,MAG EYE Phase 1,3 bed rooms+hall,1460.0,215000.0,190000.0,13.0,Person,New
2026-10-10,5,ELLINGTON HOUSE,1bed room+Hall,841.0,160000.0,152500.0,5.0,Person,New
2026-10-10,5,Park Field,2 bed rooms+hall,1050.0,140000.0,160000.0,-13.0,Person,New
2026-10-10,5,Collective 2.0,2 bed rooms+hall,743.0,120000.0,112500.0,7.0,Person,New
2026-10-10,5,Golf Suites - Dubai Hills,1bed room+Hall,716.0,118000.0,100000.0,18.0,Authority,New
2026-10-10,5,Collective 2.0,1bed room+Hall,474.0,88000.0,80000.0,10.0,Authority,New
2026-10-10,5,Socio,1bed room+Hall,488.0,87500.0,81666.0,7.0,Person,New
2026-10-10,5,Collective,1bed room+Hall,476.0,85000.0,78000.0,9.0,Authority,New
2026-10-10,5,Dubai Hills Estate,Studio,414.0,72000.0,,,Person,New
2026-10-11,6,Sidra 2,5 bed rooms+hall,6006.0,645000.0,635000.0,2.0,Authority,New
2026-10-11,6,MAPLE 2,4 bed rooms+hall,2232.0,310000.0,265000.0,17.0,Person,Renew
2026-10-11,6,MULBERRY at PARK HEIGHTS,2 bed rooms+hall,1297.0,220000.0,178508.715,23.0,Authority,New
2026-10-11,6,MULBERRY at PARK HEIGHTS,2 bed rooms+hall,1362.0,190000.0,178508.715,6.0,Authority,New
2026-10-11,6,MAG EYE Phase 1,2 bed rooms+hall,1411.0,145000.0,160000.0,-9.0,Person,New
2026-10-11,6,PARK RIDGE,1bed room+Hall,654.0,145000.0,95000.0,53.0,Authority,New
2026-10-11,6,Socio,2 bed rooms+hall,724.0,135000.0,115000.0,17.0,Authority,New
2026-10-11,6,THE GROVE BY IMAN,1bed room+Hall,739.0,120000.0,,,Person,New
2026-10-11,6,Collective 2.0,2 bed rooms+hall,727.0,120000.0,112500.0,7.0,Person,New
2026-10-11,6,Collective 2.0,2 bed rooms+hall,732.0,115000.0,112500.0,2.0,Person,New
2026-10-11,6,Collective,1bed room+Hall,483.0,105000.0,78000.0,35.0,Person,New
2026-10-11,6,Park Point,1bed room+Hall,867.0,100000.0,92000.0,9.0,Person,New
2026-10-11,6,PARK RIDGE,1bed room+Hall,655.0,90000.0,95000.0,-5.0,Person,Renew
2026-10-11,6,Prive Residence,1bed room+Hall,667.0,90000.0,98000.0,-8.0,Authority,New
2026-10-11,6,Golf ville,2 bed rooms+hall,740.0,88000.0,105000.0,-16.0,Person,Renew
2026-10-11,6,PARK HEIGHTS II,1bed room+Hall,645.0,87000.0,87500.0,-1.0,Authority,New
2026-10-11,6,ACACIA AT PARK HEIGHTS,1bed room+Hall,921.0,86900.0,120000.0,-28.0,Person,Renew
2026-10-11,6,ACACIA AT PARK HEIGHTS,1bed room+Hall,1101.0,83000.0,120000.0,-31.0,Person,Renew
2026-10-11,6,Collective 2.0,1bed room+Hall,478.0,72450.0,80000.0,-9.0,Person,New
2026-10-11,6,MAG EYE Phase 1,Studio,414.0,50000.0,55000.0,-9.0,Authority,Renew
2026-10-12,7,Sidra 2,3 bed rooms+hall,4352.0,400000.0,370000.0,8.0,Authority,New
2026-10-12,7,MAPLE,4 bed rooms+hall,3085.0,275000.0,260000.0,6.0,Person,New
2026-10-12,7,THE GROVE BY IMAN,2 bed rooms+hall,1280.0,210000.0,195000.0,8.0,Person,New
2026-10-12,7,MAG EYE Phase 1,2 bed rooms+hall,1433.0,160000.0,160000.0,0.0,Authority,New
2026-10-12,7,PARK HEIGHTS II,1bed room+Hall,645.0,130000.0,87500.0,49.0,Person,New
2026-10-12,7,Collective,2 bed rooms+hall,729.0,115000.0,101134.76999999999,14.0,Person,New
2026-10-12,7,Collective 2.0,1bed room+Hall,489.0,95000.0,80000.0,19.0,Authority,New
2026-10-12,7,Collective 2.0,1bed room+Hall,474.0,95000.0,80000.0,19.0,Authority,New
2026-10-12,7,THE GROVE BY IMAN,Studio,417.0,87000.0,75000.0,16.0,Authority,New
2026-10-12,7,Collective,1bed room+Hall,486.0,85000.0,78000.0,9.0,Authority,New
2026-10-12,7,ACACIA AT PARK HEIGHTS,1bed room+Hall,935.0,84000.0,120000.0,-30.0,Person,Renew
2026-10-12,7,Socio,2 bed rooms+hall,744.0,50000.0,115000.0,-57.0,Authority,New
2026-10-13,8,ELLINGTON HOUSE,3 bed rooms+hall,1743.0,365000.0,430000.0,-15.0,Authority,New
2026-10-13,8,Dubai Hills Estate,Office,3015.0,311218.06,,,Authority,New
2026-10-13,8,MAPLE,4 bed rooms+hall,3231.0,305000.0,260000.0,17.0,Person,New
2026-10-13,8,MAG EYE Phase 1,3 bed rooms+hall,1736.0,190000.0,190000.0,0.0,Person,New
2026-10-13,8,PARK RIDGE,2 bed rooms+hall,1281.0,160000.0,150000.0,7.0,Person,Renew
2026-10-13,8,PARK RIDGE,2 bed rooms+hall,995.0,140000.0,150000.0,-7.0,Person,Renew
2026-10-13,8,Collective,2 bed rooms+hall,746.0,110000.0,101134.76999999999,9.0,Person,Renew
2026-10-13,8,Collective 2.0,2 bed rooms+hall,756.0,110000.0,112500.0,-2.0,Person,Renew
2026-10-13,8,PARK RIDGE,1bed room+Hall,646.0,100000.0,95000.0,5.0,Person,Renew
2026-10-13,8,PARK RIDGE,1bed room+Hall,655.0,91000.0,95000.0,-4.0,Person,New
2026-10-13,8,THE GROVE BY IMAN,Studio,483.0,80000.0,75000.0,7.0,Person,New
2026-10-13,8,Collective,1bed room+Hall,487.0,76000.0,78000.0,-3.0,Person,New
2026-10-13,8,PARK RIDGE,1bed room+Hall,662.0,69742.56,95000.0,-27.0,Person,Renew
2026-10-13,8,Park Field,2 bed rooms+hall,1032.0,60000.0,160000.0,-63.0,Authority,Renew
2026-10-14,9,Golf Place,6 bed rooms+hall,15092.0,2000000.0,,,Person,Renew
2026-10-14,9,Golf Place ll,6 bed rooms+hall,9263.0,1650000.0,1745308.31,-5.0,Authority,New
2026-10-14,9,SIDRA,5 bed rooms+hall,5750.0,900000.0,622500.0,45.0,Authority,New
2026-10-14,9,Sidra 3,4 bed rooms+hall,4850.0,400000.0,450000.0,-11.0,Authority,New
2026-10-14,9,SIDRA,5 bed rooms+hall,5988.0,386400.0,622500.0,-38.0,Authority,Renew
2026-10-14,9,Sidra 3,3 bed rooms+hall,4455.0,380000.0,372500.0,2.0,Authority,Renew
2026-10-14,9,MAPLE,4 bed rooms+hall,3035.0,290000.0,260000.0,12.0,Authority,New
2026-10-14,9,PARK RIDGE,3 bed rooms+hall,1574.0,275000.0,240000.0,15.0,Authority,New
2026-10-14,9,MAPLE 2,4 bed rooms+hall,3379.0,262500.0,265000.0,-1.0,Authority,Renew
2026-10-14,9,MAPLE 2,3 bed rooms+hall,2089.0,260000.0,220000.0,18.0,Person,New
2026-10-14,9,ACACIA AT PARK HEIGHTS,3 bed rooms+hall,1376.0,250000.0,275000.0,-9.0,,New
2026-10-14,9,ACACIA AT PARK HEIGHTS,2 bed rooms+hall,1678.0,240000.0,190000.0,26.0,,New
2026-10-14,9,PARK RIDGE,3 bed rooms+hall,1576.0,240000.0,240000.0,0.0,Person,Renew
2026-10-14,9,Golf Suites - Dubai Hills,2 bed rooms+hall,1206.0,230000.0,162500.0,42.0,Authority,New
2026-10-14,9,MAG EYE Phase 1,3 bed rooms+hall,1742.0,220000.0,190000.0,16.0,Authority,New
2026-10-14,9,THE GROVE BY IMAN,2 bed rooms+hall,1280.0,220000.0,195000.0,13.0,Person,New
2026-10-14,9,MAG EYE Phase 1,3 bed rooms+hall,1691.0,200000.0,190000.0,5.0,Authority,New
2026-10-14,9,MULBERRY at PARK HEIGHTS,2 bed rooms+hall,1362.0,200000.0,178508.715,12.0,Authority,New
2026-10-14,9,MAG EYE Phase 1,3 bed rooms+hall,1460.0,195000.0,190000.0,3.0,Authority,New
2026-10-14,9,MAG EYE Phase 1,3 bed rooms+hall,1392.0,180000.0,190000.0,-5.0,Person,New
2026-10-14,9,MAG EYE Phase 1,3 bed rooms+hall,1460.0,180000.0,190000.0,-5.0,Authority,Renew
2026-10-14,9,MAG EYE Phase 1,3 bed rooms+hall,1460.0,176000.0,190000.0,-7.0,,Renew
2026-10-14,9,MAG EYE Phase 1,2 bed rooms+hall,1411.0,170000.0,160000.0,6.0,Authority,Renew
2026-10-14,9,MAG EYE Phase 1,2 bed rooms+hall,1411.0,160000.0,160000.0,0.0,Authority,New
2026-10-14,9,MAG EYE Phase 1,2 bed rooms+hall,1203.0,160000.0,160000.0,0.0,,New
2026-10-14,9,ACACIA AT PARK HEIGHTS,2 bed rooms+hall,1767.0,150000.0,190000.0,-21.0,Person,Renew
2026-10-14,9,PARK HEIGHTS II,2 bed rooms+hall,959.0,147000.0,124000.0,19.0,Person,New
2026-10-14,9,MAG EYE Phase 1,2 bed rooms+hall,1187.0,147000.0,160000.0,-8.0,Person,Renew
2026-10-14,9,ACACIA AT PARK HEIGHTS,2 bed rooms+hall,1861.0,142500.0,190000.0,-25.0,Person,Renew
2026-10-14,9,MAG EYE Phase 1,2 bed rooms+hall,1200.0,141750.0,160000.0,-11.0,Authority,Renew
2026-10-14,9,Park Heights I,2 bed rooms+hall,959.0,140000.0,125000.0,12.0,Person,New
2026-10-14,9,MAG EYE Phase 1,2 bed rooms+hall,1200.0,135000.0,160000.0,-16.0,Person,Renew
2026-10-14,9,MULBERRY at PARK HEIGHTS,1bed room+Hall,916.0,135000.0,120000.0,13.0,Person,New
2026-10-14,9,MULBERRY at PARK HEIGHTS,2 bed rooms+hall,1573.0,135000.0,178508.715,-24.0,Person,New
2026-10-14,9,Park Point,2 bed rooms+hall,1014.0,135000.0,140000.0,-4.0,Person,New
2026-10-14,9,ACACIA AT PARK HEIGHTS,2 bed rooms+hall,1586.0,134200.0,190000.0,-29.0,Person,Renew
2026-10-14,9,Park Field,1bed room+Hall,647.0,127000.0,110000.0,15.0,Authority,New
2026-10-14,9,MULBERRY at PARK HEIGHTS,1bed room+Hall,871.0,120000.0,120000.0,0.0,Person,New
2026-10-14,9,ACACIA AT PARK HEIGHTS,1bed room+Hall,899.0,120000.0,120000.0,0.0,Authority,Renew
2026-10-14,9,Golf ville,2 bed rooms+hall,745.0,110000.0,105000.0,5.0,Person,Renew
2026-10-14,9,Golf ville,2 bed rooms+hall,739.0,110000.0,105000.0,5.0,Authority,New
2026-10-14,9,PARK RIDGE,1bed room+Hall,657.0,104500.0,95000.0,10.0,Authority,Renew
2026-10-14,9,PARK RIDGE,1bed room+Hall,872.0,95000.0,95000.0,0.0,Person,New
2026-10-14,9,Collective 2.0,1bed room+Hall,489.0,90000.0,80000.0,13.0,,New
2026-10-14,9,MAG EYE Phase 1,1bed room+Hall,823.0,85000.0,80000.0,6.0,Authority,New
2026-10-14,9,Collective 2.0,1bed room+Hall,486.0,85000.0,80000.0,6.0,Person,Renew
2026-10-14,9,MAG EYE Phase 1,1bed room+Hall,746.0,85000.0,80000.0,6.0,Authority,New
2026-10-14,9,MAG EYE Phase 1,Studio,414.0,60600.0,55000.0,10.0,Person,New
2026-10-14,9,MAG EYE Phase 1,Studio,416.0,60000.0,55000.0,9.0,Authority,New
2026-10-14,9,MAG EYE Phase 1,Studio,417.0,53000.0,55000.0,-4.0,Authority,New
2026-10-14,9,MAG EYE Phase 1,Studio,427.0,52000.0,55000.0,-5.0,Authority,New
2026-10-15,10,Sidra 2,5 bed rooms+hall,6109.0,627000.0,635000.0,-1.0,Person,Renew
2026-10-15,10,PARK RIDGE,3 bed rooms+hall,2793.0,380000.0,240000.0,58.0,Authority,New
2026-10-15,10,Sidra 2,3 bed rooms+hall,4509.0,370000.0,370000.0,0.0,Authority,New
2026-10-15,10,MAPLE 2,5 bed rooms+hall,3191.0,330000.0,295000.0,12.0,Authority,Renew
2026-10-15,10,MAG EYE Phase 1,2 bed rooms+hall,1411.0,185000.0,160000.0,16.0,Authority,New
2026-10-15,10,MAG EYE Phase 1,3 bed rooms+hall,1460.0,175000.0,190000.0,-8.0,Authority,Renew
2026-10-15,10,ACACIA AT PARK HEIGHTS,Shop,882.0,172674.67,,,Authority,New
2026-10-15,10,MAG EYE Phase 1,2 bed rooms+hall,1360.0,160000.0,160000.0,0.0,Authority,New
2026-10-15,10,MAG EYE Phase 1,2 bed rooms+hall,1411.0,155000.0,160000.0,-3.0,Authority,Renew
2026-10-15,10,MAG EYE Phase 1,2 bed rooms+hall,1206.0,140000.0,160000.0,-13.0,Person,New
2026-10-15,10,Dubai Hills Estate,1bed room+Hall,737.0,124600.0,,,Person,Renew
2026-10-15,10,Socio,2 bed rooms+hall,743.0,110000.0,115000.0,-4.0,Authority,New
2026-10-15,10,Collective 2.0,1bed room+Hall,521.0,99750.0,80000.0,25.0,Person,Renew
2026-10-15,10,Socio,1bed room+Hall,485.0,98000.0,81666.0,20.0,Authority,New
2026-10-15,10,Lime Gardens,2 bed rooms+hall,965.0,90000.0,145000.0,-38.0,Person,New
2026-10-15,10,MAG EYE Phase 1,1bed room+Hall,897.0,90000.0,80000.0,13.0,Authority,New
2026-10-15,10,Park Point,1bed room+Hall,684.0,89758.71,92000.0,-2.0,Person,New
2026-10-15,10,ACACIA AT PARK HEIGHTS,1bed room+Hall,951.0,89700.0,120000.0,-25.0,Person,Renew
2026-10-15,10,PARK HEIGHTS II,1bed room+Hall,648.0,80000.0,87500.0,-9.0,Person,New
2026-10-15,10,MAG EYE Phase 1,Studio,397.0,55000.0,55000.0,0.0,Person,New
2026-10-16,11,Sidra 2,5 bed rooms+hall,6034.0,550000.0,635000.0,-13.0,Authority,New
2026-10-16,11,MAPLE 2,4 bed rooms+hall,3377.0,285000.0,265000.0,8.0,Authority,New
2026-10-16,11,MAPLE 2,4 bed rooms+hall,2959.0,280000.0,265000.0,6.0,Person,New
2026-10-16,11,MULBERRY at PARK HEIGHTS,3 bed rooms+hall,1958.0,235000.0,285000.0,-18.0,Person,Renew
2026-10-16,11,PARK RIDGE,2 bed rooms+hall,1011.0,190000.0,150000.0,27.0,Authority,New
2026-10-16,11,MAG EYE Phase 1,3 bed rooms+hall,1474.0,180000.0,190000.0,-5.0,Person,New
2026-10-16,11,PARK RIDGE,2 bed rooms+hall,1404.0,180000.0,150000.0,20.0,Authority,New
2026-10-16,11,Golf Suites - Dubai Hills,2 bed rooms+hall,1118.0,173250.0,162500.0,7.0,Person,Renew
2026-10-16,11,PARK RIDGE,2 bed rooms+hall,995.0,170000.0,150000.0,13.0,Authority,Renew
2026-10-16,11,Golf Suites - Dubai Hills,2 bed rooms+hall,1208.0,165000.0,162500.0,2.0,Authority,Renew
2026-10-16,11,ELLINGTON HOUSE,1bed room+Hall,866.0,160000.0,152500.0,5.0,Person,New
2026-10-16,11,PARK RIDGE,2 bed rooms+hall,1327.0,160000.0,150000.0,7.0,Person,Renew
2026-10-16,11,Collective,2 bed rooms+hall,746.0,150000.0,101134.76999999999,48.0,Person,Renew
2026-10-16,11,Socio,2 bed rooms+hall,739.0,135000.0,115000.0,17.0,,New
2026-10-16,11,MULBERRY at PARK HEIGHTS,1bed room+Hall,871.0,132000.0,120000.0,10.0,Person,Renew
2026-10-16,11,Golf ville,2 bed rooms+hall,768.0,100000.0,105000.0,-5.0,Person,New
2026-10-16,11,Park Heights I,1bed room+Hall,646.0,90000.0,89000.0,1.0,Authority,New
2026-10-16,11,MAG EYE Phase 1,1bed room+Hall,805.0,90000.0,80000.0,13.0,,Renew
2026-10-16,11,Collective,1bed room+Hall,476.0,85000.0,78000.0,9.0,Person,New
2026-10-16,11,MAG EYE Phase 1,1bed room+Hall,871.0,82000.0,80000.0,3.0,Person,New
2026-10-16,11,Collective,1bed room+Hall,483.0,80000.0,78000.0,3.0,Person,New
2026-10-16,11,MAG EYE Phase 1,Studio,407.0,57000.0,55000.0,4.0,Person,New
2026-10-17,12,MULBERRY at PARK HEIGHTS,2 bed rooms+hall,1724.0,210000.0,178508.715,18.0,Person,Renew
2026-10-17,12,ACACIA AT PARK HEIGHTS,2 bed rooms+hall,1560.0,195000.0,190000.0,3.0,Authority,Renew
2026-10-17,12,MAG EYE Phase 1,2 bed rooms+hall,1187.0,155000.0,160000.0,-3.0,Person,New
2026-10-17,12,Dubai Hills Estate,1bed room+Hall,767.0,150000.0,,,Authority,New
2026-10-17,12,PARK HEIGHTS II,2 bed rooms+hall,1074.0,140000.0,124000.0,13.0,Authority,New
2026-10-17,12,PARK HEIGHTS II,2 bed rooms+hall,957.0,135000.0,124000.0,9.0,Person,New
2026-10-17,12,PARK HEIGHTS II,2 bed rooms+hall,958.0,120000.0,124000.0,-3.0,Person,Renew
2026-10-17,12,Collective 2.0,2 bed rooms+hall,736.0,120000.0,112500.0,7.0,Person,New
2026-10-17,12,Socio,2 bed rooms+hall,741.0,120000.0,115000.0,4.0,Authority,New
2026-10-17,12,Golf ville,2 bed rooms+hall,752.0,110000.0,105000.0,5.0,Authority,Renew
2026-10-17,12,MULBERRY at PARK HEIGHTS,1bed room+Hall,916.0,110000.0,120000.0,-8.0,Authority,Renew
2026-10-17,12,Prive Residence,1bed room+Hall,667.0,107000.0,98000.0,9.0,Authority,New
2026-10-17,12,PARK RIDGE,1bed room+Hall,881.0,100000.0,95000.0,5.0,Person,New
2026-10-17,12,Socio,1bed room+Hall,474.0,95000.0,81666.0,16.0,Authority,New
2026-10-17,12,Park Heights I,1bed room+Hall,649.0,95000.0,89000.0,7.0,Authority,Renew
2026-10-17,12,MULBERRY at PARK HEIGHTS,1bed room+Hall,871.0,92400.0,120000.0,-23.0,Person,Renew
2026-10-17,12,Collective,1bed room+Hall,476.0,90000.0,78000.0,15.0,Authority,New
2026-10-17,12,Socio,1bed room+Hall,484.0,86000.0,81666.0,5.0,Person,New
2026-10-17,12,PARK HEIGHTS II,1bed room+Hall,657.0,85000.0,87500.0,-3.0,Authority,Renew
2026-10-17,12,Collective 2.0,1bed room+Hall,479.0,85000.0,80000.0,6.0,Authority,New
2026-10-17,12,THE GROVE BY IMAN,Studio,420.0,80000.0,75000.0,7.0,Authority,New
2026-10-17,12,THE GROVE BY IMAN,Studio,415.0,75000.0,75000.0,0.0,Authority,New
2026-10-17,12,Golf ville,1bed room+Hall,507.0,75000.0,75000.0,0.0,Authority,New
2026-10-17,12,Collective 2.0,1bed room+Hall,486.0,71400.0,80000.0,-11.0,Person,Renew
2026-10-17,12,MAG EYE Phase 1,Studio,418.0,56847.18,55000.0,3.0,Authority,New
2026-10-17,12,MAG EYE Phase 1,Studio,385.0,55000.0,55000.0,0.0,Authority,New
2026-10-17,12,MAG EYE Phase 1,Studio,414.0,54000.0,55000.0,-2.0,Authority,New
2026-10-18,13,Dubai Hills Estate,3 bed rooms+hall,2114.0,375000.0,,,Person,New
2026-10-18,13,SIDRA,3 bed rooms+hall,4485.0,370000.0,400000.0,-8.0,Person,Renew
2026-10-18,13,MULBERRY at PARK HEIGHTS,3 bed rooms+hall,1812.0,275000.0,285000.0,-4.0,Authority,Renew
2026-10-18,13,ACACIA AT PARK HEIGHTS,2 bed rooms+hall,1318.0,190000.0,190000.0,0.0,Person,New
2026-10-18,13,PARK RIDGE,2 bed rooms+hall,1010.0,175000.0,150000.0,17.0,Authority,Renew
2026-10-18,13,Park Point,2 bed rooms+hall,940.0,155000.0,140000.0,11.0,Person,New
2026-10-18,13,ACACIA AT PARK HEIGHTS,2 bed rooms+hall,1364.0,145200.0,190000.0,-24.0,Person,Renew
2026-10-18,13,MAG EYE Phase 1,2 bed rooms+hall,1187.0,145000.0,160000.0,-9.0,Person,Renew
2026-10-18,13,ACACIA AT PARK HEIGHTS,2 bed rooms+hall,1410.0,142600.0,190000.0,-25.0,Person,Renew
2026-10-18,13,Golf ville,2 bed rooms+hall,752.0,115000.0,105000.0,10.0,Authority,Renew
2026-10-18,13,Golf ville,2 bed rooms+hall,743.0,105000.0,105000.0,0.0,Authority,New
2026-10-18,13,MAG EYE Phase 1,1bed room+Hall,751.0,85000.0,80000.0,6.0,Person,New
2026-10-18,13,Collective 2.0,1bed room+Hall,486.0,85000.0,80000.0,6.0,Authority,New
2026-10-18,13,Park Point,1bed room+Hall,656.0,80000.0,92000.0,-13.0,Person,Renew
2026-10-18,13,Park Point,1bed room+Hall,741.0,71537.88,92000.0,-22.0,Person,Renew
2026-10-18,13,Socio,1bed room+Hall,482.0,60000.0,81666.0,-27.0,Person,Renew
2026-10-19,14,Golf Grove,4 bed rooms+hall,3791.0,700000.0,450000.0,56.0,Authority,New
2026-10-19,14,SIDRA,4 bed rooms+hall,4757.0,470000.0,430000.0,9.0,Authority,New
2026-10-19,14,Sidra 2,3 bed rooms+hall,4322.0,385000.0,370000.0,4.0,Authority,Renew
2026-10-19,14,SIDRA,3 bed rooms+hall,4482.0,340000.0,400000.0,-15.0,Person,New
2026-10-19,14,Maple III,4 bed rooms+hall,4438.0,305000.0,275000.0,11.0,Authority,Renew
2026-10-19,14,MAPLE,3 bed rooms+hall,2092.0,300000.0,244565.22,23.0,Authority,New
2026-10-19,14,MAPLE 2,4 bed rooms+hall,3033.0,290000.0,265000.0,9.0,Authority,New
2026-10-19,14,ELLINGTON HOUSE,2 bed rooms+hall,1362.0,285000.0,273000.0,4.0,Person,New
2026-10-19,14,PARK RIDGE,3 bed rooms+hall,2289.0,280000.0,240000.0,17.0,Authority,New
2026-10-19,14,Maple III,4 bed rooms+hall,2898.0,265000.0,275000.0,-4.0,Authority,New
2026-10-19,14,MAPLE,3 bed rooms+hall,2072.0,240000.0,244565.22,-2.0,Authority,Renew
2026-10-19,14,MAG EYE Phase 1,3 bed rooms+hall,1409.0,208000.0,190000.0,9.0,Authority,New
2026-10-19,14,MAG EYE Phase 1,3 bed rooms+hall,1460.0,193000.0,190000.0,2.0,Person,New
2026-10-19,14,MAG EYE Phase 1,2 bed rooms+hall,1440.0,170000.0,160000.0,6.0,Authority,New
2026-10-19,14,PARK RIDGE,2 bed rooms+hall,984.0,165000.0,150000.0,10.0,Authority,New
2026-10-19,14,PARK RIDGE,2 bed rooms+hall,1002.0,165000.0,150000.0,10.0,Person,New
2026-10-19,14,MAG EYE Phase 1,2 bed rooms+hall,1411.0,160000.0,160000.0,0.0,Person,Renew
2026-10-19,14,Golf Suites - Dubai Hills,2 bed rooms+hall,1208.0,157000.0,162500.0,-3.0,Authority,Renew
2026-10-19,14,MAG EYE Phase 1,2 bed rooms+hall,1424.0,153000.0,160000.0,-4.0,Person,New
2026-10-19,14,Socio,2 bed rooms+hall,722.0,145000.0,115000.0,26.0,Person,New
2026-10-19,14,Dubai Hills Estate,2 bed rooms+hall,1045.0,143000.0,,,Authority,New
2026-10-19,14,Park Heights I,2 bed rooms+hall,959.0,140000.0,125000.0,12.0,Authority,New
2026-10-19,14,Park Heights I,2 bed rooms+hall,1089.0,140000.0,125000.0,12.0,Authority,Renew
2026-10-19,14,Dubai Hills Estate,1bed room+Hall,1026.0,110000.0,,,Authority,New
2026-10-19,14,Collective,2 bed rooms+hall,741.0,110000.0,101134.76999999999,9.0,Person,Renew
2026-10-19,14,Collective,2 bed rooms+hall,731.0,110000.0,101134.76999999999,9.0,Authority,Renew
2026-10-19,14,PARK RIDGE,1bed room+Hall,653.0,110000.0,95000.0,16.0,Person,New
2026-10-19,14,MULBERRY at PARK HEIGHTS,1bed room+Hall,915.0,108000.0,120000.0,-10.0,Authority,Renew
2026-10-19,14,Dubai Hills Estate,1bed room+Hall,837.0,105000.0,,,Authority,New
2026-10-19,14,PARK RIDGE,1bed room+Hall,654.0,105000.0,95000.0,11.0,Person,New
2026-10-19,14,Collective 2.0,2 bed rooms+hall,741.0,105000.0,112500.0,-7.0,Person,Renew
2026-10-19,14,PARK RIDGE,1bed room+Hall,642.0,90000.0,95000.0,-5.0,Authority,Renew
2026-10-19,14,Golf ville,1bed room+Hall,507.0,83000.0,75000.0,11.0,Authority,New
2026-10-19,14,PARK RIDGE,1bed room+Hall,645.0,82687.0,95000.0,-13.0,,New
2026-10-19,14,MAG EYE Phase 1,1bed room+Hall,824.0,80000.0,80000.0,0.0,Person,Renew
2026-10-19,14,Socio,1bed room+Hall,487.0,80000.0,81666.0,-2.0,Person,New
2026-10-19,14,Collective 2.0,1bed room+Hall,496.0,75000.0,80000.0,-6.0,Authority,New
2026-10-19,14,MAG EYE Phase 1,Studio,394.0,65000.0,55000.0,18.0,Person,New
2026-10-20,15,Maple III,4 bed rooms+hall,3033.0,300000.0,275000.0,9.0,Authority,Renew
2026-10-20,15,MAPLE 2,4 bed rooms+hall,3623.0,275000.0,265000.0,4.0,Authority,New
2026-10-20,15,Maple III,3 bed rooms+hall,2184.0,260000.0,230000.0,13.0,Person,Renew
2026-10-20,15,MULBERRY at PARK HEIGHTS,2 bed rooms+hall,1350.0,134000.0,178508.715,-25.0,,Renew
2026-10-20,15,PARK RIDGE,1bed room+Hall,653.0,110000.0,95000.0,16.0,Person,New
2026-10-20,15,PARK RIDGE,1bed room+Hall,650.0,85000.0,95000.0,-11.0,Authority,Renew
2026-10-20,15,MAG EYE Phase 1,1bed room+Hall,857.0,82000.0,80000.0,3.0,Person,Renew
2026-10-21,16,Club Villas at Dubai Hills,3 bed rooms+hall,2979.0,500000.0,445000.0,12.0,Authority,New
2026-10-21,16,MAPLE,4 bed rooms+hall,2162.0,295958.94,260000.0,14.0,Person,Renew
2026-10-21,16,MAG EYE Phase 1,3 bed rooms+hall,2131.0,230000.0,190000.0,21.0,Authority,New
2026-10-21,16,Dubai Hills Estate,2 bed rooms+hall,1240.0,185000.0,,,Authority,New
2026-10-21,16,PARK RIDGE,2 bed rooms+hall,998.0,180000.0,150000.0,20.0,Authority,Renew
2026-10-21,16,PARK RIDGE,2 bed rooms+hall,997.0,170000.0,150000.0,13.0,Person,New
2026-10-21,16,PARK RIDGE,2 bed rooms+hall,994.0,165000.0,150000.0,10.0,Authority,Renew
2026-10-21,16,Golf Suites - Dubai Hills,2 bed rooms+hall,1118.0,160000.0,162500.0,-2.0,Person,New
2026-10-21,16,ACACIA AT PARK HEIGHTS,2 bed rooms+hall,1558.0,137500.0,190000.0,-28.0,Person,Renew
2026-10-21,16,ACACIA AT PARK HEIGHTS,2 bed rooms+hall,1519.0,137500.0,190000.0,-28.0,Person,Renew
2026-10-21,16,PARK RIDGE,1bed room+Hall,652.0,105000.0,95000.0,11.0,Authority,New
2026-10-21,16,Collective,1bed room+Hall,491.0,100000.0,78000.0,28.0,Authority,New
2026-10-21,16,PARK RIDGE,1bed room+Hall,652.0,95000.0,95000.0,0.0,Person,New
2026-10-21,16,Collective 2.0,1bed room+Hall,489.0,95000.0,80000.0,19.0,Authority,New
2026-10-21,16,ACACIA AT PARK HEIGHTS,1bed room+Hall,921.0,89700.0,120000.0,-25.0,Person,Renew
2026-10-21,16,MAG EYE Phase 1,Studio,411.0,72000.0,55000.0,31.0,Authority,New
2026-10-22,17,SIDRA,4 bed rooms+hall,5322.0,675000.0,430000.0,57.0,Person,New
2026-10-22,17,MAPLE 2,Shop,2630.0,340860.0,593066.67,-43.0,Authority,New
2026-10-22,17,MAPLE 2,4 bed rooms+hall,4764.0,300000.0,265000.0,13.0,Authority,New
2026-10-22,17,MAPLE 2,4 bed rooms+hall,3086.0,285000.0,265000.0,8.0,Person,New
2026-10-22,17,MULBERRY at PARK HEIGHTS,2 bed rooms+hall,1745.0,215000.0,178508.715,20.0,Authority,New
2026-10-22,17,ACACIA AT PARK HEIGHTS,2 bed rooms+hall,1318.0,185000.0,190000.0,-3.0,Authority,New
2026-10-22,17,ELLINGTON HOUSE,1bed room+Hall,890.0,165000.0,152500.0,8.0,Authority,New
2026-10-22,17,PARK RIDGE,2 bed rooms+hall,987.0,152000.0,150000.0,1.0,Person,New
2026-10-22,17,ACACIA AT PARK HEIGHTS,2 bed rooms+hall,1587.0,134400.0,190000.0,-29.0,Person,Renew
2026-10-22,17,ACACIA AT PARK HEIGHTS,1bed room+Hall,921.0,125000.0,120000.0,4.0,Person,New
2026-10-22,17,Golf ville,2 bed rooms+hall,746.0,125000.0,105000.0,19.0,Person,New
2026-10-22,17,Golf Suites - Dubai Hills,1bed room+Hall,720.0,110000.0,100000.0,10.0,Authority,Renew
2026-10-22,17,PARK RIDGE,1bed room+Hall,648.0,99750.0,95000.0,5.0,Authority,Renew
2026-10-22,17,Collective 2.0,1bed room+Hall,489.0,92000.0,80000.0,15.0,Authority,New
2026-10-22,17,PARK RIDGE,1bed room+Hall,661.0,90000.0,95000.0,-5.0,Authority,Renew
2026-10-22,17,Collective 2.0,1bed room+Hall,482.0,85000.0,80000.0,6.0,Person,New
2026-10-22,17,Golf ville,1bed room+Hall,496.0,75000.0,75000.0,0.0,Person,Renew
2026-10-22,17,Golf ville,1bed room+Hall,496.0,75000.0,75000.0,0.0,Person,New
2026-10-22,17,Collective 2.0,1bed room+Hall,486.0,72000.0,80000.0,-10.0,Authority,Renew
2026-10-22,17,Collective,1bed room+Hall,474.0,69732.0,78000.0,-11.0,Person,New
2026-10-23,18,SIDRA,4 bed rooms+hall,5698.0,435000.0,430000.0,1.0,Person,New
2026-10-23,18,MULBERRY at PARK HEIGHTS,2 bed rooms+hall,1747.0,200000.0,178508.715,12.0,Authority,Renew
2026-10-23,18,Park Point,2 bed rooms+hall,1013.0,170000.0,140000.0,21.0,Person,New
2026-10-23,18,Park Point,2 bed rooms+hall,1186.0,160000.0,140000.0,14.0,Person,Renew
2026-10-23,18,MAG EYE Phase 1,2 bed rooms+hall,1203.0,160000.0,160000.0,0.0,Authority,New
2026-10-23,18,MAPLE,4 bed rooms+hall,3714.0,142000.0,260000.0,-45.0,Person,Renew
2026-10-23,18,ELLINGTON HOUSE,1bed room+Hall,794.0,140000.0,152500.0,-8.0,Person,New
2026-10-23,18,ACACIA AT PARK HEIGHTS,2 bed rooms+hall,1610.0,136600.0,190000.0,-28.0,Person,Renew
2026-10-23,18,PARK HEIGHTS II,2 bed rooms+hall,956.0,130000.0,124000.0,5.0,Person,New
2026-10-23,18,Collective,2 bed rooms+hall,725.0,120750.0,101134.76999999999,19.0,Person,Renew
2026-10-23,18,PARK RIDGE,1bed room+Hall,647.0,115000.0,95000.0,21.0,Authority,New
2026-10-23,18,Dubai Hills Estate,1bed room+Hall,767.0,105000.0,,,Person,New
2026-10-23,18,Collective,1bed room+Hall,589.0,95000.0,78000.0,22.0,Person,New
2026-10-23,18,Golf ville,2 bed rooms+hall,743.0,92000.0,105000.0,-12.0,Authority,Renew
2026-10-23,18,Golf ville,1bed room+Hall,500.0,90000.0,75000.0,20.0,Authority,New
2026-10-23,18,PARK RIDGE,1bed room+Hall,653.0,90000.0,95000.0,-5.0,Authority,New
2026-10-23,18,ACACIA AT PARK HEIGHTS,1bed room+Hall,922.0,83000.0,120000.0,-31.0,Person,Renew
2026-10-23,18,Collective 2.0,1bed room+Hall,488.0,78000.0,80000.0,-3.0,Person,New
2026-10-23,18,Collective 2.0,1bed room+Hall,489.0,69457.5,80000.0,-13.0,Authority,Renew
2026-10-24,19,SIDRA,5 bed rooms+hall,6313.0,680000.0,622500.0,9.0,Person,Renew
2026-10-24,19,SIDRA,4 bed rooms+hall,4847.0,430000.0,430000.0,0.0,Person,New
2026-10-24,19,Sidra 2,3 bed rooms+hall,4469.0,340000.0,370000.0,-8.0,Person,New
2026-10-24,19,MAG EYE Phase 1,4 bed rooms+hall,2878.0,340000.0,300000.0,13.0,Authority,New
2026-10-24,19,Maple III,4 bed rooms+hall,3041.0,315000.0,275000.0,15.0,Authority,New
2026-10-24,19,MAPLE,4 bed rooms+hall,2951.0,300000.0,260000.0,15.0,Person,Renew
2026-10-24,19,MAPLE,5 bed rooms+hall,3435.0,288170.0,297500.0,-3.0,Person,Renew
2026-10-24,19,ACACIA AT PARK HEIGHTS,2 bed rooms+hall,1768.0,200000.0,190000.0,5.0,Person,Renew
2026-10-24,19,MAG EYE Phase 1,3 bed rooms+hall,2830.0,140259.74,190000.0,-26.0,Person,Renew
2026-10-24,19,Dubai Hills Estate,2 bed rooms+hall,1032.0,130000.0,,,Person,New
2026-10-24,19,ACACIA AT PARK HEIGHTS,1bed room+Hall,918.0,125000.0,120000.0,4.0,Person,New
2026-10-24,19,ACACIA AT PARK HEIGHTS,1bed room+Hall,921.0,125000.0,120000.0,4.0,Person,New
2026-10-24,19,Park Field,1bed room+Hall,647.0,125000.0,110000.0,14.0,Authority,New
2026-10-24,19,ACACIA AT PARK HEIGHTS,1bed room+Hall,1039.0,122000.0,120000.0,2.0,Authority,New
2026-10-24,19,Park Heights I,2 bed rooms+hall,955.0,115920.0,125000.0,-7.0,Person,Renew
2026-10-24,19,ACACIA AT PARK HEIGHTS,1bed room+Hall,765.0,110000.0,120000.0,-8.0,Person,Renew
2026-10-24,19,Collective,2 bed rooms+hall,743.0,110000.0,101134.76999999999,9.0,Authority,New
2026-10-24,19,Dubai Hills Estate,1bed room+Hall,763.0,97000.0,,,Authority,Renew
2026-10-24,19,PARK RIDGE,1bed room+Hall,645.0,96000.0,95000.0,1.0,Person,Renew
2026-10-24,19,Collective 2.0,1bed room+Hall,486.0,85000.0,80000.0,6.0,Authority,New
2026-10-24,19,Collective,1bed room+Hall,484.0,85000.0,78000.0,9.0,Authority,New
2026-10-24,19,ACACIA AT PARK HEIGHTS,1bed room+Hall,989.0,81000.0,120000.0,-33.0,Person,Renew
2026-10-24,19,MAG EYE Phase 1,1bed room+Hall,753.0,79000.0,80000.0,-1.0,Person,New
2026-10-24,19,Golf ville,1bed room+Hall,507.0,73000.0,75000.0,-3.0,Authority,New
2026-10-24,19,MAG EYE Phase 1,Studio,411.0,53560.21,55000.0,-3.0,Person,Renew
2026-10-24,19,MAG EYE Phase 1,Studio,414.0,53000.0,55000.0,-4.0,Authority,New
2026-10-24,19,MAG EYE Phase 1,Studio,394.0,50000.0,55000.0,-9.0,Person,New
2026-10-24,19,MAG EYE Phase 1,Studio,412.0,50000.0,55000.0,-9.0,Authority,Renew
2026-10-25,20,MULBERRY at PARK HEIGHTS,2 bed rooms+hall,1565.0,245000.0,178508.715,37.0,Authority,New
2026-10-25,20,MAPLE 2,3 bed rooms+hall,2091.0,190000.0,220000.0,-14.0,Authority,Renew
2026-10-25,20,MAG EYE Phase 1,2 bed rooms+hall,1187.0,155000.0,160000.0,-3.0,,Renew
2026-10-25,20,Collective 2.0,2 bed rooms+hall,725.0,120000.0,112500.0,7.0,Authority,New
2026-10-25,20,Collective,2 bed rooms+hall,743.0,110000.0,101134.76999999999,9.0,Person,Renew
2026-10-25,20,PARK RIDGE,1bed room+Hall,642.0,95000.0,95000.0,0.0,Authority,Renew
2026-10-25,20,Collective,1bed room+Hall,488.0,90000.0,78000.0,15.0,Authority,New
2026-10-25,20,PARK RIDGE,1bed room+Hall,650.0,90000.0,95000.0,-5.0,Authority,Renew
2026-10-25,20,Collective,1bed room+Hall,491.0,90000.0,78000.0,15.0,Authority,New
2026-10-26,21,ACACIA AT PARK HEIGHTS,Shop,6256.0,922291.43,,,Authority,New
2026-10-26,21,MAPLE 2,Shop,1855.0,557100.0,593066.67,-6.0,Authority,New
2026-10-26,21,SIDRA,5 bed rooms+hall,5756.0,495000.0,622500.0,-20.0,Person,Renew
2026-10-26,21,Sidra 3,4 bed rooms+hall,4822.0,450000.0,450000.0,0.0,Authority,New
2026-10-26,21,Club Villas at Dubai Hills,3 bed rooms+hall,2899.0,410000.0,445000.0,-8.0,Person,Renew
2026-10-26,21,Sidra 2,3 bed rooms+hall,4715.0,330000.0,370000.0,-11.0,Authority,Renew
2026-10-26,21,Maple III,3 bed rooms+hall,2093.0,250000.0,230000.0,9.0,Authority,New
2026-10-26,21,THE GROVE BY IMAN,2 bed rooms+hall,1266.0,225000.0,195000.0,15.0,Person,New
2026-10-26,21,MAG EYE Phase 1,3 bed rooms+hall,1460.0,185000.0,190000.0,-3.0,Authority,New
2026-10-26,21,Socio,2 bed rooms+hall,724.0,145000.0,115000.0,26.0,Person,New
2026-10-26,21,MULBERRY at PARK HEIGHTS,1bed room+Hall,871.0,130000.0,120000.0,8.0,Authority,New
2026-10-26,21,Collective,2 bed rooms+hall,730.0,130000.0,101134.76999999999,29.0,Authority,New
2026-10-26,21,Collective,1bed room+Hall,491.0,97500.0,78000.0,25.0,Person,New
2026-10-26,21,ACACIA AT PARK HEIGHTS,1bed room+Hall,921.0,89100.0,120000.0,-26.0,Person,Renew
2026-10-26,21,MAG EYE Phase 1,1bed room+Hall,871.0,85000.0,80000.0,6.0,Authority,New
2026-10-26,21,THE GROVE BY IMAN,Studio,417.0,82000.0,75000.0,9.0,Authority,New
2026-10-26,21,PARK HEIGHTS II,1bed room+Hall,645.0,80000.0,87500.0,-9.0,Person,Renew
2026-10-26,21,MAG EYE Phase 1,1bed room+Hall,824.0,77000.0,80000.0,-4.0,Authority,Renew
2026-10-26,21,MAG EYE Phase 1,Studio,413.0,60000.0,55000.0,9.0,Authority,New
2026-10-27,22,MAPLE 2,Shop,3281.0,1046435.0,593066.67,76.0,Authority,New
2026-10-27,22,Golf Grove,3 bed rooms+hall,3211.0,400000.0,395000.0,1.0,Person,New
2026-10-27,22,PARK HEIGHTS II,3 bed rooms+hall,1612.0,340000.0,200000.0,70.0,Authority,New
2026-10-27,22,MAPLE,4 bed rooms+hall,2166.0,300000.0,260000.0,15.0,Person,Renew
2026-10-27,22,MAPLE,4 bed rooms+hall,2168.0,295000.0,260000.0,13.0,Person,New
2026-10-27,22,Maple III,3 bed rooms+hall,2175.0,260000.0,230000.0,13.0,Authority,New
2026-10-27,22,PARK RIDGE,3 bed rooms+hall,1573.0,247500.0,240000.0,3.0,Authority,Renew
2026-10-27,22,PARK HEIGHTS II,3 bed rooms+hall,1609.0,194250.0,200000.0,-3.0,Authority,Renew
2026-10-27,22,PARK RIDGE,2 bed rooms+hall,1286.0,174996.0,150000.0,17.0,Authority,Renew
2026-10-27,22,MULBERRY at PARK HEIGHTS,2 bed rooms+hall,1563.0,162750.0,178508.715,-9.0,Authority,Renew
2026-10-27,22,ELLINGTON HOUSE,1bed room+Hall,843.0,160000.0,152500.0,5.0,Person,New
2026-10-27,22,Maple III,3 bed rooms+hall,2178.0,144000.0,230000.0,-37.0,Authority,Renew
2026-10-27,22,ELLINGTON HOUSE,1bed room+Hall,866.0,140000.0,152500.0,-8.0,Authority,New
2026-10-27,22,Dubai Hills Estate,1bed room+Hall,852.0,140000.0,,,Person,New
2026-10-27,22,Collective 2.0,2 bed rooms+hall,742.0,130000.0,112500.0,16.0,Authority,Renew
2026-10-27,22,MULBERRY at PARK HEIGHTS,1bed room+Hall,871.0,125000.0,120000.0,4.0,Authority,New
2026-10-27,22,Collective 2.0,2 bed rooms+hall,722.0,120000.0,112500.0,7.0,Authority,Renew
2026-10-27,22,PARK RIDGE,1bed room+Hall,650.0,110064.51,95000.0,16.0,Person,Renew
2026-10-27,22,Collective 2.0,1bed room+Hall,482.0,85000.0,80000.0,6.0,Authority,New
2026-10-27,22,Collective 2.0,1bed room+Hall,486.0,80000.0,80000.0,0.0,Person,New
2026-10-27,22,Collective 2.0,1bed room+Hall,482.0,80000.0,80000.0,0.0,Authority,New
2026-10-27,22,Collective 2.0,1bed room+Hall,486.0,80000.0,80000.0,0.0,Person,New
2026-10-27,22,MAG EYE Phase 1,1bed room+Hall,793.0,78000.0,80000.0,-3.0,Authority,Renew
2026-10-27,22,MAG EYE Phase 1,Studio,396.0,58000.0,55000.0,5.0,Person,New
2026-10-27,22,MAG EYE Phase 1,Studio,464.0,55000.0,55000.0,0.0,Person,New
2026-10-28,23,Club Villas at Dubai Hills,3 bed rooms+hall,2888.0,450000.0,445000.0,1.0,Authority,New
2026-10-28,23,Maple III,3 bed rooms+hall,2093.0,270000.0,230000.0,17.0,Person,New
2026-10-28,23,MULBERRY at PARK HEIGHTS,2 bed rooms+hall,1304.0,200000.0,178508.715,12.0,Person,New
2026-10-28,23,MAG EYE Phase 1,2 bed rooms+hall,1187.0,160000.0,160000.0,0.0,Person,Renew
2026-10-28,23,MAG EYE Phase 1,2 bed rooms+hall,1200.0,152000.0,160000.0,-5.0,Authority,New
2026-10-28,23,Park Point,2 bed rooms+hall,1018.0,139624.66,140000.0,-0.0,Authority,New
2026-10-28,23,ACACIA AT PARK HEIGHTS,2 bed rooms+hall,1611.0,138600.0,190000.0,-27.0,,Renew
2026-10-28,23,ACACIA AT PARK HEIGHTS,2 bed rooms+hall,1614.0,135000.0,190000.0,-29.0,Person,Renew
2026-10-28,23,Collective 2.0,2 bed rooms+hall,722.0,130000.0,112500.0,16.0,Person,New
2026-10-28,23,Socio,2 bed rooms+hall,722.0,125000.0,115000.0,9.0,Person,New
2026-10-28,23,Socio,2 bed rooms+hall,729.0,120000.0,115000.0,4.0,Person,New
2026-10-28,23,PARK HEIGHTS II,1bed room+Hall,645.0,105000.0,87500.0,20.0,Authority,Renew
2026-10-28,23,ACACIA AT PARK HEIGHTS,1bed room+Hall,1064.0,83000.0,120000.0,-31.0,Person,Renew
2026-10-28,23,ACACIA AT PARK HEIGHTS,1bed room+Hall,949.0,82000.0,120000.0,-32.0,Person,Renew
2026-10-28,23,Golf ville,1bed room+Hall,500.0,79000.0,75000.0,5.0,Authority,New
2026-10-28,23,Golf ville,1bed room+Hall,500.0,70000.0,75000.0,-7.0,Authority,Renew
2026-10-28,23,Socio,1bed room+Hall,475.0,60000.0,81666.0,-27.0,Authority,New
2026-10-28,23,MAG EYE Phase 1,Studio,427.0,50000.0,55000.0,-9.0,Authority,Renew
2026-10-29,24,MAPLE,Shop,1728.0,544896.0,,,Authority,New
2026-10-29,24,MAPLE 2,4 bed rooms+hall,2906.0,280000.0,265000.0,6.0,Person,Renew
2026-10-29,24,Park Field,2 bed rooms+hall,991.0,210000.0,160000.0,31.0,Person,New
2026-10-29,24,ELLINGTON HOUSE,1bed room+Hall,890.0,165000.0,152500.0,8.0,Person,New
2026-10-29,24,ELLINGTON HOUSE,1bed room+Hall,890.0,165000.0,152500.0,8.0,Person,New
2026-10-29,24,MAG EYE Phase 1,2 bed rooms+hall,1187.0,145000.0,160000.0,-9.0,Person,Renew
2026-10-29,24,ACACIA AT PARK HEIGHTS,2 bed rooms+hall,1812.0,129540.0,190000.0,-32.0,Person,Renew
2026-10-29,24,PARK RIDGE,1bed room+Hall,658.0,120000.0,95000.0,26.0,Authority,New
2026-10-29,24,Prive Residence,1bed room+Hall,719.0,110000.0,98000.0,12.0,Authority,New
2026-10-29,24,ACACIA AT PARK HEIGHTS,1bed room+Hall,918.0,94000.0,120000.0,-22.0,Person,Renew
2026-10-29,24,Collective 2.0,1bed room+Hall,478.0,92500.0,80000.0,16.0,Person,New
2026-10-29,24,ACACIA AT PARK HEIGHTS,1bed room+Hall,918.0,91000.0,120000.0,-24.0,Person,Renew
2026-10-29,24,Socio,1bed room+Hall,475.0,90000.0,81666.0,10.0,Person,New
2026-10-29,24,Prive Residence,Studio,402.0,87500.0,70000.0,25.0,Authority,Renew
2026-10-29,24,Collective 2.0,1bed room+Hall,486.0,85000.0,80000.0,6.0,Authority,New
2026-10-29,24,Collective,1bed room+Hall,484.0,80000.0,78000.0,3.0,Person,New
2026-10-29,24,MULBERRY at PARK HEIGHTS,3 bed rooms+hall,2203.0,50000.0,285000.0,-82.0,Person,New
2026-10-29,24,Club Villas at Dubai Hills,3 bed rooms+hall,2896.0,50000.0,445000.0,-89.0,Person,New
2026-10-30,25,MAPLE 2,Shop,1901.0,601981.33,593066.67,2.0,Authority,New
2026-10-30,25,Sidra 2,5 bed rooms+hall,5740.0,600000.0,635000.0,-6.0,Person,New
2026-10-30,25,ACACIA AT PARK HEIGHTS,2 bed rooms+hall,1673.0,210566.04,190000.0,11.0,Person,New
2026-10-30,25,Golf Suites - Dubai Hills,2 bed rooms+hall,1118.0,200000.0,162500.0,23.0,Person,New
2026-10-30,25,MULBERRY at PARK HEIGHTS,2 bed rooms+hall,1297.0,200000.0,178508.715,12.0,Person,New
2026-10-30,25,Park Field,2 bed rooms+hall,986.0,190000.0,160000.0,19.0,Authority,New
2026-10-30,25,MAG EYE Phase 1,2 bed rooms+hall,1411.0,180000.0,160000.0,13.0,Person,New
2026-10-30,25,PARK HEIGHTS II,2 bed rooms+hall,958.0,155000.0,124000.0,25.0,Authority,New
2026-10-30,25,ACACIA AT PARK HEIGHTS,2 bed rooms+hall,1817.0,144000.0,190000.0,-24.0,Person,Renew
2026-10-30,25,PARK HEIGHTS II,1bed room+Hall,645.0,110000.0,87500.0,26.0,Authority,New
2026-10-30,25,PARK RIDGE,1bed room+Hall,649.0,105000.0,95000.0,11.0,Authority,New
2026-10-30,25,MAG EYE Phase 1,1bed room+Hall,796.0,96000.0,80000.0,20.0,Person,New
2026-10-30,25,PARK HEIGHTS II,1bed room+Hall,645.0,90000.0,87500.0,3.0,Authority,New
2026-10-30,25,ACACIA AT PARK HEIGHTS,1bed room+Hall,920.0,87200.0,120000.0,-27.0,Person,Renew
2026-10-30,25,Collective,1bed room+Hall,483.0,75075.0,78000.0,-4.0,Person,Renew
2026-10-30,25,Prive Residence,Studio,417.0,75000.0,70000.0,7.0,Authority,New
2026-10-30,25,MAG EYE Phase 1,Studio,416.0,54000.0,55000.0,-2.0,Authority,Renew
2026-10-31,26,The Fairway at Dubai Hills,6 bed rooms+hall,11601.0,2000000.0,1600000.0,25.0,Authority,New
2026-10-31,26,Address Hillcrest,5 bed rooms+hall,7134.0,1500000.0,980000.0,53.0,Person,New
2026-10-31,26,Address Hillcrest,5 bed rooms+hall,7134.0,1500000.0,980000.0,53.0,Person,New
2026-10-31,26,SIDRA,5 bed rooms+hall,6695.0,1350000.0,622500.0,117.0,Authority,New
2026-10-31,26,Sidra 2,5 bed rooms+hall,5755.0,1100000.0,635000.0,73.0,Authority,New
2026-10-31,26,SIDRA,5 bed rooms+hall,6312.0,910000.0,622500.0,46.0,Person,New
2026-10-31,26,Golf Place,4 bed rooms+hall,7104.0,900000.0,1200000.0,-25.0,Person,Renew
2026-10-31,26,SIDRA,5 bed rooms+hall,5337.0,750000.0,622500.0,20.0,Person,New
2026-10-31,26,SIDRA,5 bed rooms+hall,5976.0,650000.0,622500.0,4.0,Authority,New
2026-10-31,26,MULBERRY at PARK HEIGHTS,4 bed rooms+hall,3374.0,625000.0,,,Authority,New
2026-10-31,26,SIDRA,5 bed rooms+hall,5233.0,540000.0,622500.0,-13.0,Person,New
2026-10-31,26,Dubai Hills Estate,Office,3987.0,502401.06,,,Authority,Renew
2026-10-31,26,Sidra 3,4 bed rooms+hall,4865.0,500000.0,450000.0,11.0,Authority,Renew
2026-10-31,26,Club Villas at Dubai Hills,3 bed rooms+hall,4185.0,460000.0,445000.0,3.0,Authority,Renew
2026-10-31,26,Sidra 2,4 bed rooms+hall,4862.0,420000.0,460000.0,-9.0,Person,Renew
2026-10-31,26,MAPLE,5 bed rooms+hall,3151.0,400000.0,297500.0,34.0,Person,New
2026-10-31,26,Golf Grove,3 bed rooms+hall,2865.0,380000.0,395000.0,-4.0,Authority,Renew
2026-10-31,26,Golf Grove,3 bed rooms+hall,2961.0,375000.0,395000.0,-5.0,Person,Renew
2026-10-31,26,Sidra 2,3 bed rooms+hall,4509.0,375000.0,370000.0,1.0,Person,Renew
2026-10-31,26,Sidra 3,3 bed rooms+hall,4646.0,375000.0,372500.0,1.0,Person,New
2026-10-31,26,MAPLE,4 bed rooms+hall,3219.0,365000.0,260000.0,40.0,Authority,Renew
2026-10-31,26,ACACIA AT PARK HEIGHTS,3 bed rooms+hall,2251.0,355000.0,275000.0,29.0,Person,New
2026-10-31,26,Dubai Hills Estate,Office,3407.0,352277.91,,,Authority,New
2026-10-31,26,MAPLE 2,4 bed rooms+hall,3400.0,310000.0,265000.0,17.0,Person,New
2026-10-31,26,Maple III,4 bed rooms+hall,3206.0,310000.0,275000.0,13.0,Authority,New
2026-10-31,26,MULBERRY at PARK HEIGHTS,3 bed rooms+hall,1750.0,310000.0,285000.0,9.0,Authority,New
2026-10-31,26,PARK RIDGE,3 bed rooms+hall,2195.0,265000.0,240000.0,10.0,Authority,Renew
2026-10-31,26,MAPLE 2,3 bed rooms+hall,2202.0,260000.0,220000.0,18.0,Authority,New
2026-10-31,26,MAPLE,4 bed rooms+hall,2162.0,256000.0,260000.0,-2.0,Person,Renew
2026-10-31,26,MAPLE 2,4 bed rooms+hall,3118.0,250000.0,265000.0,-6.0,Person,Renew
2026-10-31,26,Maple III,3 bed rooms+hall,2158.0,250000.0,230000.0,9.0,Authority,New
2026-10-31,26,MAPLE 2,4 bed rooms+hall,2928.0,250000.0,265000.0,-6.0,Authority,Renew
2026-10-31,26,MULBERRY at PARK HEIGHTS,2 bed rooms+hall,1719.0,248000.0,178508.715,39.0,Authority,Renew
2026-10-31,26,Dubai Hills Estate,Office,2207.0,245205.62,,,Authority,Renew
2026-10-31,26,Dubai Hills Estate,2 bed rooms+hall,1374.0,245000.0,,,Person,New
2026-10-31,26,Maple III,3 bed rooms+hall,2132.0,245000.0,230000.0,7.0,Authority,Renew
2026-10-31,26,Maple III,3 bed rooms+hall,2179.0,240000.0,230000.0,4.0,Person,Renew
2026-10-31,26,Dubai Hills Estate,Office,2206.0,231765.5,,,Authority,Renew
2026-10-31,26,MULBERRY at PARK HEIGHTS,2 bed rooms+hall,1565.0,230000.0,178508.715,29.0,Authority,New
2026-10-31,26,Dubai Hills Estate,2 bed rooms+hall,1486.0,225000.0,,,Authority,New
2026-10-31,26,MAG EYE Phase 1,3 bed rooms+hall,1477.0,225000.0,190000.0,18.0,Person,New
2026-10-31,26,MAPLE,3 bed rooms+hall,2091.0,225000.0,244565.22,-8.0,Authority,Renew
2026-10-31,26,Park Heights I,3 bed rooms+hall,1610.0,220000.0,200000.0,10.0,Authority,New
2026-10-31,26,Dubai Hills Estate,Shop,846.0,215500.0,,,Authority,New
2026-10-31,26,MAG EYE Phase 1,3 bed rooms+hall,1725.0,210000.0,190000.0,11.0,Person,Renew
2026-10-31,26,MAPLE,4 bed rooms+hall,2174.0,210000.0,260000.0,-19.0,Authority,Renew
2026-10-31,26,MAG EYE Phase 1,3 bed rooms+hall,1675.0,210000.0,190000.0,11.0,Person,Renew
2026-10-31,26,MULBERRY at PARK HEIGHTS,2 bed rooms+hall,1359.0,205000.0,178508.715,15.0,Authority,Renew
2026-10-31,26,MULBERRY at PARK HEIGHTS,2 bed rooms+hall,1720.0,200000.0,178508.715,12.0,Authority,New
2026-10-31,26,ACACIA AT PARK HEIGHTS,2 bed rooms+hall,1302.0,200000.0,190000.0,5.0,Person,Renew
2026-10-31,26,MAG EYE Phase 1,3 bed rooms+hall,1479.0,200000.0,190000.0,5.0,Person,New
2026-10-31,26,Dubai Hills Estate,Office,2206.0,197056.89,,,Authority,New
2026-10-31,26,MULBERRY at PARK HEIGHTS,2 bed rooms+hall,1304.0,195000.0,178508.715,9.0,Person,Renew
2026-10-31,26,MAG EYE Phase 1,3 bed rooms+hall,1392.0,190000.0,190000.0,0.0,Person,New
2026-10-31,26,MULBERRY at PARK HEIGHTS,2 bed rooms+hall,1574.0,190000.0,178508.715,6.0,Person,Renew
2026-10-31,26,ACACIA AT PARK HEIGHTS,2 bed rooms+hall,1317.0,189999.96,190000.0,-0.0,Authority,New
2026-10-31,26,PARK RIDGE,2 bed rooms+hall,1278.0,185000.0,150000.0,23.0,Authority,Renew
2026-10-31,26,MAG EYE Phase 1,2 bed rooms+hall,1440.0,180000.0,160000.0,13.0,Person,New
2026-10-31,26,MAG EYE Phase 1,2 bed rooms+hall,1410.0,180000.0,160000.0,13.0,Person,New
2026-10-31,26,PARK RIDGE,2 bed rooms+hall,1003.0,170112.22,150000.0,13.0,Person,Renew
2026-10-31,26,MAG EYE Phase 1,2 bed rooms+hall,1411.0,170000.0,160000.0,6.0,Person,Renew
2026-10-31,26,PARK RIDGE,2 bed rooms+hall,990.0,160000.0,150000.0,7.0,,Renew
2026-10-31,26,MULBERRY at PARK HEIGHTS,2 bed rooms+hall,1712.0,157000.0,178508.715,-12.0,Person,Renew
2026-10-31,26,ACACIA AT PARK HEIGHTS,2 bed rooms+hall,1718.0,156000.0,190000.0,-18.0,Person,Renew
2026-10-31,26,ACACIA AT PARK HEIGHTS,2 bed rooms+hall,1815.0,155900.0,190000.0,-18.0,,Renew
2026-10-31,26,PARK RIDGE,2 bed rooms+hall,995.0,155000.0,150000.0,3.0,Authority,Renew
2026-10-31,26,PARK RIDGE,1bed room+Hall,647.0,155000.0,95000.0,63.0,Authority,New
2026-10-31,26,MAG EYE Phase 1,2 bed rooms+hall,1410.0,150000.0,160000.0,-6.0,Person,New
2026-10-31,26,PARK RIDGE,2 bed rooms+hall,987.0,150000.0,150000.0,0.0,Authority,Renew
2026-10-31,26,Dubai Hills Estate,1bed room+Hall,860.0,150000.0,,,Person,New
2026-10-31,26,Dubai Hills Estate,1bed room+Hall,860.0,150000.0,,,Person,New
2026-10-31,26,MULBERRY at PARK HEIGHTS,2 bed rooms+hall,1701.0,150000.0,178508.715,-16.0,Authority,New
2026-10-31,26,PARK RIDGE,2 bed rooms+hall,986.0,149900.0,150000.0,-0.0,Person,New
2026-10-31,26,ACACIA AT PARK HEIGHTS,2 bed rooms+hall,1818.0,149500.0,190000.0,-21.0,Person,Renew
2026-10-31,26,Park Heights I,2 bed rooms+hall,956.0,145000.0,125000.0,16.0,Person,New
2026-10-31,26,Park Point,2 bed rooms+hall,1220.0,145000.0,140000.0,4.0,Person,New
2026-10-31,26,ACACIA AT PARK HEIGHTS,2 bed rooms+hall,1718.0,143000.0,190000.0,-25.0,Person,Renew
2026-10-31,26,MAG EYE Phase 1,2 bed rooms+hall,1206.0,141750.0,160000.0,-11.0,Person,New
2026-10-31,26,Dubai Hills Estate,1bed room+Hall,853.0,140000.0,,,Person,New
2026-10-31,26,ELLINGTON HOUSE,1bed room+Hall,865.0,140000.0,152500.0,-8.0,Authority,New
2026-10-31,26,ACACIA AT PARK HEIGHTS,2 bed rooms+hall,1524.0,136600.0,190000.0,-28.0,Person,Renew
2026-10-31,26,ACACIA AT PARK HEIGHTS,2 bed rooms+hall,1529.0,133000.0,190000.0,-30.0,Person,Renew
2026-10-31,26,PARK HEIGHTS II,2 bed rooms+hall,956.0,130000.8,124000.0,5.0,Person,Renew
2026-10-31,26,PARK RIDGE,1bed room+Hall,651.0,130000.0,95000.0,37.0,Authority,New
2026-10-31,26,Golf ville,2 bed rooms+hall,752.0,130000.0,105000.0,24.0,Authority,New
2026-10-31,26,MULBERRY at PARK HEIGHTS,1bed room+Hall,871.0,125000.0,120000.0,4.0,Person,Renew
2026-10-31,26,ACACIA AT PARK HEIGHTS,1bed room+Hall,921.0,125000.0,120000.0,4.0,Person,New
2026-10-31,26,ACACIA AT PARK HEIGHTS,1bed room+Hall,910.0,125000.0,120000.0,4.0,Person,New
2026-10-31,26,ACACIA AT PARK HEIGHTS,1bed room+Hall,947.0,125000.0,120000.0,4.0,Person,New
2026-10-31,26,ACACIA AT PARK HEIGHTS,1bed room+Hall,1039.0,125000.0,120000.0,4.0,Authority,New
2026-10-31,26,Park Field,1bed room+Hall,647.0,120000.0,110000.0,9.0,Person,New
2026-10-31,26,ACACIA AT PARK HEIGHTS,1bed room+Hall,852.0,120000.0,120000.0,0.0,Person,New
2026-10-31,26,Socio,2 bed rooms+hall,722.0,115500.0,115000.0,0.0,Person,Renew
2026-10-31,26,Collective 2.0,2 bed rooms+hall,756.0,115000.0,112500.0,2.0,Person,Renew
2026-10-31,26,Dubai Hills Estate,1bed room+Hall,763.0,115000.0,,,Authority,New
2026-10-31,26,Collective 2.0,2 bed rooms+hall,732.0,115000.0,112500.0,2.0,Authority,New
2026-10-31,26,Dubai Hills Estate,1bed room+Hall,772.0,115000.0,,,Authority,New
2026-10-31,26,Prive Residence,1bed room+Hall,741.0,115000.0,98000.0,17.0,Authority,New
2026-10-31,26,PARK RIDGE,2 bed rooms+hall,995.0,114264.0,150000.0,-24.0,Person,Renew
2026-10-31,26,PARK RIDGE,1bed room+Hall,650.0,110000.0,95000.0,16.0,Authority,New
2026-10-31,26,Park Point,1bed room+Hall,950.0,107000.0,92000.0,16.0,Authority,Renew
2026-10-31,26,PARK RIDGE,1bed room+Hall,654.0,105000.0,95000.0,11.0,Person,New
2026-10-31,26,Collective 2.0,2 bed rooms+hall,727.0,105000.0,112500.0,-7.0,Person,New
2026-10-31,26,Dubai Hills Estate,1bed room+Hall,833.0,105000.0,,,Person,Renew
2026-10-31,26,Park Heights I,1bed room+Hall,646.0,100000.0,89000.0,12.0,Person,Renew
2026-10-31,26,Park Point,1bed room+Hall,696.0,100000.0,92000.0,9.0,Person,New
2026-10-31,26,Dubai Hills Estate,1bed room+Hall,751.0,100000.0,,,Person,New
2026-10-31,26,ACACIA AT PARK HEIGHTS,1bed room+Hall,951.0,96500.0,120000.0,-20.0,Person,Renew
2026-10-31,26,PARK RIDGE,1bed room+Hall,639.0,95000.0,95000.0,0.0,Person,Renew
2026-10-31,26,Dubai Hills Estate,1bed room+Hall,763.0,95000.0,,,Person,New
2026-10-31,26,PARK HEIGHTS II,1bed room+Hall,646.0,95000.0,87500.0,9.0,Authority,New
2026-10-31,26,Collective 2.0,1bed room+Hall,488.0,95000.0,80000.0,19.0,Authority,New
2026-10-31,26,Park Heights I,1bed room+Hall,646.0,94000.0,89000.0,6.0,Authority,Renew
2026-10-31,26,ACACIA AT PARK HEIGHTS,1bed room+Hall,935.0,92400.0,120000.0,-23.0,Person,Renew
2026-10-31,26,Park Heights I,1bed room+Hall,645.0,90000.0,89000.0,1.0,Authority,Renew
2026-10-31,26,MAG EYE Phase 1,1bed room+Hall,871.0,90000.0,80000.0,13.0,Authority,Renew
2026-10-31,26,Collective,1bed room+Hall,483.0,90000.0,78000.0,15.0,Person,New
2026-10-31,26,PARK RIDGE,1bed room+Hall,650.0,90000.0,95000.0,-5.0,Authority,New
2026-10-31,26,PARK HEIGHTS II,1bed room+Hall,645.0,88000.0,87500.0,1.0,Person,Renew
2026-10-31,26,ACACIA AT PARK HEIGHTS,1bed room+Hall,976.0,86300.0,120000.0,-28.0,Person,Renew
2026-10-31,26,Park Heights I,1bed room+Hall,646.0,85000.0,89000.0,-4.0,Person,New
2026-10-31,26,MAG EYE Phase 1,1bed room+Hall,897.0,85000.0,80000.0,6.0,Person,New
2026-10-31,26,ACACIA AT PARK HEIGHTS,1bed room+Hall,1015.0,84700.0,120000.0,-29.0,Person,Renew
2026-10-31,26,ACACIA AT PARK HEIGHTS,1bed room+Hall,989.0,83000.0,120000.0,-31.0,Person,Renew
2026-10-31,26,ACACIA AT PARK HEIGHTS,1bed room+Hall,904.0,82000.0,120000.0,-32.0,Person,Renew
2026-10-31,26,ACACIA AT PARK HEIGHTS,1bed room+Hall,923.0,82000.0,120000.0,-32.0,Person,Renew
2026-10-31,26,ACACIA AT PARK HEIGHTS,1bed room+Hall,952.0,82000.0,120000.0,-32.0,Person,Renew
2026-10-31,26,ACACIA AT PARK HEIGHTS,1bed room+Hall,990.0,82000.0,120000.0,-32.0,Person,Renew
2026-10-31,26,ACACIA AT PARK HEIGHTS,1bed room+Hall,918.0,82000.0,120000.0,-32.0,Person,Renew
2026-10-31,26,ACACIA AT PARK HEIGHTS,1bed room+Hall,987.0,82000.0,120000.0,-32.0,Person,Renew
2026-10-31,26,ACACIA AT PARK HEIGHTS,1bed room+Hall,899.0,80500.0,120000.0,-33.0,Authority,Renew
2026-10-31,26,ACACIA AT PARK HEIGHTS,1bed room+Hall,728.0,80400.0,120000.0,-33.0,Authority,Renew
2026-10-31,26,MAG EYE Phase 1,1bed room+Hall,796.0,80000.0,80000.0,0.0,Authority,Renew
2026-10-31,26,MAG EYE Phase 1,1bed room+Hall,796.0,80000.0,80000.0,0.0,Authority,Renew
2026-10-31,26,MAG EYE Phase 1,1bed room+Hall,805.0,80000.0,80000.0,0.0,Authority,New
2026-10-31,26,Collective 2.0,1bed room+Hall,490.0,80000.0,80000.0,0.0,Authority,New
2026-10-31,26,Golf ville,1bed room+Hall,500.0,80000.0,75000.0,7.0,Person,Renew
2026-10-31,26,Golf ville,1bed room+Hall,507.0,79000.0,75000.0,5.0,Authority,New
2026-10-31,26,ACACIA AT PARK HEIGHTS,1bed room+Hall,987.0,77000.0,120000.0,-36.0,Person,Renew
2026-10-31,26,Dubai Hills Estate,Studio,385.0,75000.0,,,Authority,New
2026-10-31,26,Dubai Hills Estate,Studio,448.0,75000.0,,,Person,New
2026-10-31,26,Dubai Hills Estate,Studio,488.0,75000.0,,,Person,New
2026-10-31,26,Collective 2.0,1bed room+Hall,477.0,74999.99,80000.0,-6.0,Person,Renew
2026-10-31,26,Golf ville,1bed room+Hall,503.0,74792.24,75000.0,-0.0,Authority,Renew
2026-10-31,26,Collective,1bed room+Hall,483.0,74673.53,78000.0,-4.0,Person,New
2026-10-31,26,Collective 2.0,1bed room+Hall,489.0,73000.0,80000.0,-9.0,Authority,New
2026-10-31,26,Golf ville,1bed room+Hall,507.0,69300.0,75000.0,-8.0,Person,Renew
2026-10-31,26,Collective 2.0,1bed room+Hall,486.0,67000.0,80000.0,-16.0,Authority,New
2026-10-31,26,Collective 2.0,1bed room+Hall,478.0,66528.0,80000.0,-17.0,Person,Renew
2026-10-31,26,MAG EYE Phase 1,Studio,411.0,65000.0,55000.0,18.0,Person,New
2026-10-31,26,MAG EYE Phase 1,Studio,416.0,60000.0,55000.0,9.0,Person,New
2026-10-31,26,MAG EYE Phase 1,Studio,412.0,54000.0,55000.0,-2.0,Person,Renew
2026-10-31,26,MAG EYE Phase 1,Studio,450.0,50000.0,55000.0,-9.0,Person,Renew
2026-11-01,27,MAPLE,3 bed rooms+hall,2098.0,260000.0,244565.22,6.0,Authority,New
2026-11-01,27,Golf Place,5 bed rooms+hall,8412.0,250000.0,1300000.0,-81.0,Authority,Renew
2026-11-01,27,PARK RIDGE,2 bed rooms+hall,995.0,160000.0,150000.0,7.0,Person,New
2026-11-01,27,PARK RIDGE,2 bed rooms+hall,994.0,136500.0,150000.0,-9.0,Authority,Renew
2026-11-01,27,Collective,2 bed rooms+hall,723.0,135000.0,101134.76999999999,33.0,Authority,Renew
2026-11-01,27,Collective,2 bed rooms+hall,722.0,97500.0,101134.76999999999,-4.0,Person,Renew
2026-11-01,27,Collective 2.0,1bed room+Hall,478.0,88000.0,80000.0,10.0,Authority,New
2026-11-01,27,PARK RIDGE,1bed room+Hall,648.0,75000.0,95000.0,-21.0,Authority,New
2026-11-02,28,ACACIA AT PARK HEIGHTS,3 bed rooms+hall,1732.0,330000.0,275000.0,20.0,Authority,Renew
2026-11-02,28,Maple III,4 bed rooms+hall,3836.0,325000.0,275000.0,18.0,Authority,New
2026-11-02,28,MAPLE,4 bed rooms+hall,2962.0,280000.0,260000.0,8.0,Authority,Renew
2026-11-02,28,Sidra 2,3 bed rooms+hall,4629.0,265650.0,370000.0,-28.0,,Renew
2026-11-02,28,ACACIA AT PARK HEIGHTS,2 bed rooms+hall,1417.0,190000.0,190000.0,0.0,Person,New
2026-11-02,28,MAG EYE Phase 1,3 bed rooms+hall,1392.0,190000.0,190000.0,0.0,Person,New
2026-11-02,28,MULBERRY at PARK HEIGHTS,2 bed rooms+hall,1307.0,185000.0,178508.715,4.0,Authority,New
2026-11-02,28,PARK RIDGE,2 bed rooms+hall,1006.0,176400.0,150000.0,18.0,Person,Renew
2026-11-02,28,ACACIA AT PARK HEIGHTS,2 bed rooms+hall,1586.0,140500.0,190000.0,-26.0,Person,Renew
2026-11-02,28,ELLINGTON HOUSE,1bed room+Hall,866.0,140000.0,152500.0,-8.0,Authority,New
2026-11-02,28,ACACIA AT PARK HEIGHTS,1bed room+Hall,1042.0,138000.0,120000.0,15.0,Authority,New
2026-11-02,28,ACACIA AT PARK HEIGHTS,2 bed rooms+hall,1532.0,133100.0,190000.0,-30.0,Person,Renew
2026-11-02,28,Prive Residence,1bed room+Hall,714.0,120000.0,98000.0,22.0,Person,New
2026-11-02,28,PARK RIDGE,1bed room+Hall,652.0,100000.0,95000.0,5.0,Authority,New
2026-11-02,28,Collective,1bed room+Hall,486.0,75000.0,78000.0,-4.0,Authority,New
2026-11-02,28,Golf ville,1bed room+Hall,507.0,73500.0,75000.0,-2.0,Authority,Renew
2026-11-02,28,MAG EYE Phase 1,Studio,394.0,60000.0,55000.0,9.0,Person,New
2026-11-03,29,Dubai Hills - Hills View Community,8 bed rooms+hall,37697.0,16000000.0,,,Person,New
2026-11-03,29,Dubai Hills - Hills View Community,8 bed rooms+hall,37697.0,16000000.0,,,Person,New
2026-11-03,29,SIDRA,3 bed rooms+hall,4783.0,400000.0,400000.0,0.0,Authority,Renew
2026-11-03,29,ELLINGTON HOUSE,2 bed rooms+hall,1362.0,280000.0,273000.0,3.0,Authority,New
2026-11-03,29,ACACIA AT PARK HEIGHTS,2 bed rooms+hall,1674.0,245000.0,190000.0,29.0,Authority,Renew
2026-11-03,29,ACACIA AT PARK HEIGHTS,2 bed rooms+hall,1585.0,207000.0,190000.0,9.0,Person,Renew
2026-11-03,29,PARK RIDGE,2 bed rooms+hall,997.0,175000.0,150000.0,17.0,Person,New
2026-11-03,29,PARK RIDGE,2 bed rooms+hall,997.0,175000.0,150000.0,17.0,Person,New
2026-11-03,29,ELLINGTON HOUSE,1bed room+Hall,890.0,165000.0,152500.0,8.0,Person,New
2026-11-03,29,Dubai Hills Estate,1bed room+Hall,865.0,150000.0,,,Person,New
2026-11-03,29,Prive Residence,2 bed rooms+hall,974.0,135000.0,135000.0,0.0,Person,New
2026-11-03,29,ACACIA AT PARK HEIGHTS,1bed room+Hall,1426.0,115500.0,120000.0,-4.0,Person,Renew
2026-11-03,29,Dubai Hills Estate,1bed room+Hall,832.0,115000.0,,,Authority,New
2026-11-03,29,Collective 2.0,2 bed rooms+hall,736.0,102637.5,112500.0,-9.0,Person,New
2026-11-03,29,PARK RIDGE,1bed room+Hall,649.0,76650.0,95000.0,-19.0,Person,Renew
2026-11-04,30,Sidra 3,4 bed rooms+hall,4822.0,550000.0,450000.0,22.0,,New
2026-11-04,30,MAPLE,5 bed rooms+hall,3198.0,320000.0,297500.0,8.0,Person,New
2026-11-04,30,PARK RIDGE,3 bed rooms+hall,1575.0,270000.0,240000.0,13.0,Authority,New
2026-11-04,30,ELLINGTON HOUSE,2 bed rooms+hall,1362.0,270000.0,273000.0,-1.0,Authority,New
2026-11-04,30,MAPLE 2,4 bed rooms+hall,2222.0,265000.0,265000.0,0.0,Authority,New
2026-11-04,30,MAPLE 2,4 bed rooms+hall,2209.0,262500.0,265000.0,-1.0,Person,Renew
2026-11-04,30,MAPLE,3 bed rooms+hall,2094.0,240000.0,244565.22,-2.0,Person,New
2026-11-04,30,MAPLE,3 bed rooms+hall,2094.0,220500.0,244565.22,-10.0,Authority,Renew
2026-11-04,30,PARK HEIGHTS II,3 bed rooms+hall,1612.0,205457.14,200000.0,3.0,Person,Renew
2026-11-04,30,ACACIA AT PARK HEIGHTS,2 bed rooms+hall,1560.0,195000.0,190000.0,3.0,Person,New
2026-11-04,30,PARK RIDGE,2 bed rooms+hall,998.0,175000.0,150000.0,17.0,Person,New
2026-11-04,30,MAG EYE Phase 1,3 bed rooms+hall,1477.0,170000.0,190000.0,-11.0,Person,Renew
2026-11-04,30,PARK RIDGE,2 bed rooms+hall,990.0,157500.0,150000.0,5.0,Authority,Renew
2026-11-04,30,Dubai Hills Estate,1bed room+Hall,860.0,155000.0,,,Person,New
2026-11-04,30,Golf Suites - Dubai Hills,2 bed rooms+hall,1118.0,144900.0,162500.0,-11.0,Person,Renew
2026-11-04,30,MULBERRY at PARK HEIGHTS,1bed room+Hall,871.0,130000.0,120000.0,8.0,Person,Renew
2026-11-04,30,Collective,2 bed rooms+hall,725.0,130000.0,101134.76999999999,29.0,Authority,New
2026-11-04,30,ACACIA AT PARK HEIGHTS,2 bed rooms+hall,1593.0,126000.0,190000.0,-34.0,Person,Renew
2026-11-04,30,Prive Residence,1bed room+Hall,741.0,120000.0,98000.0,22.0,Authority,New
2026-11-04,30,PARK RIDGE,1bed room+Hall,642.0,100000.0,95000.0,5.0,Person,Renew
2026-11-04,30,ACACIA AT PARK HEIGHTS,1bed room+Hall,910.0,90310.0,120000.0,-25.0,Person,Renew
2026-11-04,30,PARK HEIGHTS II,1bed room+Hall,645.0,90000.0,87500.0,3.0,Person,New
2026-11-04,30,ACACIA AT PARK HEIGHTS,1bed room+Hall,968.0,86600.0,120000.0,-28.0,Person,Renew
2026-11-04,30,Collective,1bed room+Hall,476.0,85000.0,78000.0,9.0,Authority,Renew
2026-11-04,30,MAG EYE Phase 1,Studio,394.0,58000.0,55000.0,5.0,Authority,New
2026-11-05,31,Sidra 2,3 bed rooms+hall,4320.0,385000.0,370000.0,4.0,Person,New
2026-11-05,31,MAPLE,5 bed rooms+hall,2974.0,325000.0,297500.0,9.0,Authority,Renew
2026-11-05,31,MAPLE 2,4 bed rooms+hall,3183.0,320000.0,265000.0,21.0,Person,New
2026-11-05,31,MAPLE,5 bed rooms+hall,3039.0,276150.0,297500.0,-7.0,Authority,Renew
2026-11-05,31,Golf Suites - Dubai Hills,2 bed rooms+hall,1118.0,230000.0,162500.0,42.0,Person,New
2026-11-05,31,MAG EYE Phase 1,2 bed rooms+hall,1411.0,191027.03,160000.0,19.0,Person,Renew
2026-11-05,31,MAG EYE Phase 1,2 bed rooms+hall,1187.0,170000.0,160000.0,6.0,,Renew
2026-11-05,31,MAG EYE Phase 1,2 bed rooms+hall,1187.0,170000.0,160000.0,6.0,Person,New
2026-11-05,31,PARK RIDGE,2 bed rooms+hall,990.0,165000.0,150000.0,10.0,Person,Renew
2026-11-05,31,Dubai Hills Estate,1bed room+Hall,865.0,155000.0,,,Person,New
2026-11-05,31,Park Heights I,2 bed rooms+hall,959.0,142000.0,125000.0,14.0,Authority,New
2026-11-05,31,ACACIA AT PARK HEIGHTS,2 bed rooms+hall,1410.0,139800.0,190000.0,-26.0,Person,Renew
2026-11-05,31,MAG EYE Phase 1,1bed room+Hall,824.0,90000.0,80000.0,13.0,Person,Renew
2026-11-05,31,Golf ville,1bed room+Hall,500.0,85000.0,75000.0,13.0,Person,Renew
2026-11-05,31,Dubai Hills Estate,Studio,385.0,70000.0,,,Authority,New
2026-11-05,31,MAG EYE Phase 1,Studio,417.0,56000.0,55000.0,2.0,Person,New
2026-11-05,31,MAG EYE Phase 1,Studio,414.0,55000.0,55000.0,0.0,Person,New
2026-11-06,32,Collective 2.0,2 bed rooms+hall,743.0,630000.0,112500.0,460.0,Person,Renew
2026-11-06,32,Sidra 3,4 bed rooms+hall,4922.0,500000.0,450000.0,11.0,Person,New
2026-11-06,32,MAPLE,4 bed rooms+hall,2170.0,290000.0,260000.0,12.0,Authority,New
2026-11-06,32,MAPLE 2,4 bed rooms+hall,3660.0,250000.0,265000.0,-6.0,Authority,New
2026-11-06,32,MAG EYE Phase 1,3 bed rooms+hall,3005.0,240000.0,190000.0,26.0,Person,New
2026-11-06,32,MAG EYE Phase 1,3 bed rooms+hall,3005.0,240000.0,190000.0,26.0,Person,New
2026-11-06,32,MAPLE,3 bed rooms+hall,2078.0,235000.0,244565.22,-4.0,Person,New
2026-11-06,32,ACACIA AT PARK HEIGHTS,Shop,2826.0,210102.26,,,Authority,New
2026-11-06,32,ACACIA AT PARK HEIGHTS,Shop,2826.0,171791.52,,,Authority,New
2026-11-06,32,PARK RIDGE,2 bed rooms+hall,1000.0,165000.0,150000.0,10.0,Authority,New
2026-11-06,32,MAG EYE Phase 1,2 bed rooms+hall,1424.0,155000.0,160000.0,-3.0,Person,Renew
2026-11-06,32,PARK RIDGE,2 bed rooms+hall,996.0,155000.0,150000.0,3.0,Authority,Renew
2026-11-06,32,ELLINGTON HOUSE,1bed room+Hall,843.0,150000.0,152500.0,-2.0,Person,New
2026-11-06,32,Dubai Hills Estate,1bed room+Hall,865.0,150000.0,,,Person,New
2026-11-06,32,Park Heights I,2 bed rooms+hall,959.0,133000.0,125000.0,6.0,Person,New
2026-11-06,32,Park Field,1bed room+Hall,841.0,130000.0,110000.0,18.0,Person,New
2026-11-06,32,ACACIA AT PARK HEIGHTS,1bed room+Hall,921.0,125000.0,120000.0,4.0,Person,New
2026-11-06,32,MULBERRY at PARK HEIGHTS,1bed room+Hall,915.0,115384.62,120000.0,-4.0,Authority,Renew
2026-11-06,32,Golf ville,2 bed rooms+hall,748.0,100000.0,105000.0,-5.0,Authority,Renew
2026-11-06,32,Park Heights I,1bed room+Hall,645.0,95000.0,89000.0,7.0,Person,New
2026-11-06,32,Collective 2.0,1bed room+Hall,478.0,85000.0,80000.0,6.0,Authority,Renew
2026-11-06,32,MAG EYE Phase 1,1bed room+Hall,751.0,85000.0,80000.0,6.0,Person,New
2026-11-06,32,ACACIA AT PARK HEIGHTS,1bed room+Hall,973.0,81000.0,120000.0,-33.0,Person,Renew
2026-11-06,32,Socio,1bed room+Hall,475.0,80000.0,81666.0,-2.0,Authority,New
2026-11-06,32,Collective 2.0,1bed room+Hall,489.0,80000.0,80000.0,0.0,Person,New
2026-11-06,32,Collective,1bed room+Hall,476.0,75000.0,78000.0,-4.0,Authority,Renew
2026-11-06,32,Golf ville,1bed room+Hall,507.0,70000.0,75000.0,-7.0,Person,New
2026-11-07,33,MAPLE 2,Shop,1982.0,637846.67,593066.67,8.0,Authority,New
2026-11-07,33,MAG EYE Phase 1,4 bed rooms+hall,4019.0,350000.0,300000.0,17.0,Authority,New
2026-11-07,33,MAPLE 2,5 bed rooms+hall,3043.0,310000.0,295000.0,5.0,Authority,New
2026-11-07,33,ACACIA AT PARK HEIGHTS,1bed room+Hall,734.0,168000.0,120000.0,40.0,Person,New
2026-11-07,33,ELLINGTON HOUSE,1bed room+Hall,890.0,150000.0,152500.0,-2.0,Authority,New
2026-11-07,33,ELLINGTON HOUSE,1bed room+Hall,793.0,140000.0,152500.0,-8.0,Authority,New
2026-11-07,33,ELLINGTON HOUSE,1bed room+Hall,866.0,140000.0,152500.0,-8.0,Authority,New
2026-11-07,33,ACACIA AT PARK HEIGHTS,2 bed rooms+hall,1817.0,137500.0,190000.0,-28.0,Person,Renew
2026-11-07,33,Park Field,1bed room+Hall,647.0,130000.0,110000.0,18.0,Authority,New
2026-11-07,33,ACACIA AT PARK HEIGHTS,1bed room+Hall,946.0,125000.0,120000.0,4.0,Person,New
2026-11-07,33,PARK HEIGHTS II,1bed room+Hall,645.0,113333.33,87500.0,30.0,Authority,New
2026-11-07,33,PARK RIDGE,1bed room+Hall,878.0,110000.0,95000.0,16.0,Authority,New
2026-11-07,33,MAG EYE Phase 1,1bed room+Hall,797.0,94000.0,80000.0,18.0,Authority,New
2026-11-07,33,ACACIA AT PARK HEIGHTS,1bed room+Hall,988.0,90450.0,120000.0,-25.0,Person,Renew
2026-11-07,33,Park Heights I,1bed room+Hall,646.0,90000.0,89000.0,1.0,Person,New
2026-11-07,33,Collective 2.0,1bed room+Hall,474.0,85000.0,80000.0,6.0,Authority,Renew
2026-11-07,33,Collective 2.0,1bed room+Hall,477.0,75000.0,80000.0,-6.0,Person,New
2026-11-07,33,Collective 2.0,1bed room+Hall,486.0,70000.0,80000.0,-13.0,Authority,Renew
2026-11-07,33,MAG EYE Phase 1,Studio,412.0,60000.0,55000.0,9.0,Authority,New
2026-11-07,33,MAG EYE Phase 1,Studio,394.0,55000.0,55000.0,0.0,Person,New
2026-11-08,34,PARK RIDGE,2 bed rooms+hall,996.0,170000.0,150000.0,13.0,Authority,Renew
2026-11-08,34,Prive Residence,1bed room+Hall,733.0,116000.0,98000.0,18.0,Authority,New
2026-11-08,34,Collective 2.0,2 bed rooms+hall,732.0,110000.0,112500.0,-2.0,Person,Renew
2026-11-08,34,Collective,1bed room+Hall,486.0,80000.0,78000.0,3.0,Authority,Renew
2026-11-09,35,Sidra 2,4 bed rooms+hall,4728.0,900000.0,460000.0,96.0,Person,Renew
2026-11-09,35,Golf Grove,4 bed rooms+hall,3691.0,535000.0,450000.0,19.0,Authority,New
2026-11-09,35,Club Villas at Dubai Hills,3 bed rooms+hall,2945.0,455000.0,445000.0,2.0,Person,New
2026-11-09,35,Sidra 3,4 bed rooms+hall,4650.0,420000.0,450000.0,-7.0,Authority,New
2026-11-09,35,PARK RIDGE,3 bed rooms+hall,2626.0,375000.0,240000.0,56.0,Authority,New
2026-11-09,35,MAPLE,4 bed rooms+hall,3026.0,340000.0,260000.0,31.0,Authority,New
2026-11-09,35,MAPLE 2,4 bed rooms+hall,2887.0,280000.0,265000.0,6.0,Authority,Renew
2026-11-09,35,MAPLE,3 bed rooms+hall,2091.0,275000.0,244565.22,12.0,Authority,New
2026-11-09,35,Maple III,3 bed rooms+hall,2092.0,270000.0,230000.0,17.0,Authority,New
2026-11-09,35,MAPLE,3 bed rooms+hall,2082.0,260000.0,244565.22,6.0,Authority,New
2026-11-09,35,MAPLE,3 bed rooms+hall,2101.0,250000.0,244565.22,2.0,Person,New
2026-11-09,35,ACACIA AT PARK HEIGHTS,2 bed rooms+hall,1768.0,240000.0,190000.0,26.0,Person,New
2026-11-09,35,ELLINGTON HOUSE,2 bed rooms+hall,1301.0,240000.0,273000.0,-12.0,Authority,New
2026-11-09,35,MULBERRY at PARK HEIGHTS,3 bed rooms+hall,1950.0,230000.0,285000.0,-19.0,Person,Renew
2026-11-09,35,MAPLE 2,4 bed rooms+hall,3355.0,220500.0,265000.0,-17.0,Authority,Renew
2026-11-09,35,Park Point,2 bed rooms+hall,1373.0,200000.0,140000.0,43.0,Authority,New
2026-11-09,35,Park Field,2 bed rooms+hall,1050.0,190000.0,160000.0,19.0,Authority,New
2026-11-09,35,Park Field,2 bed rooms+hall,1050.0,180000.0,160000.0,13.0,Authority,New
2026-11-09,35,MAG EYE Phase 1,2 bed rooms+hall,1187.0,165000.0,160000.0,3.0,Authority,New
2026-11-09,35,PARK RIDGE,2 bed rooms+hall,1003.0,160000.0,150000.0,7.0,Authority,New
2026-11-09,35,MAG EYE Phase 1,2 bed rooms+hall,1411.0,160000.0,160000.0,0.0,Person,Renew
2026-11-09,35,PARK RIDGE,2 bed rooms+hall,1343.0,155000.0,150000.0,3.0,Authority,Renew
2026-11-09,35,ACACIA AT PARK HEIGHTS,2 bed rooms+hall,1595.0,145125.0,190000.0,-24.0,Person,Renew
2026-11-09,35,Socio,2 bed rooms+hall,937.0,140000.0,115000.0,22.0,Authority,New
2026-11-09,35,ACACIA AT PARK HEIGHTS,2 bed rooms+hall,1616.0,139100.0,190000.0,-27.0,Person,Renew
2026-11-09,35,PARK RIDGE,2 bed rooms+hall,989.0,113850.0,150000.0,-24.0,Person,Renew
2026-11-09,35,ACACIA AT PARK HEIGHTS,1bed room+Hall,908.0,110533.5,120000.0,-8.0,Authority,Renew
2026-11-09,35,Collective,2 bed rooms+hall,743.0,110000.0,101134.76999999999,9.0,Authority,Renew
2026-11-09,35,Prive Residence,1bed room+Hall,665.0,105000.0,98000.0,7.0,Authority,New
2026-11-09,35,PARK RIDGE,1bed room+Hall,648.0,95000.0,95000.0,0.0,Person,Renew
2026-11-09,35,Collective,1bed room+Hall,476.0,95000.0,78000.0,22.0,Authority,New
2026-11-09,35,PARK RIDGE,1bed room+Hall,652.0,94500.0,95000.0,-1.0,Authority,New
2026-11-09,35,Socio,1bed room+Hall,475.0,90000.0,81666.0,10.0,Authority,New
2026-11-09,35,PARK HEIGHTS II,1bed room+Hall,645.0,90000.0,87500.0,3.0,Person,New
2026-11-09,35,MAG EYE Phase 1,1bed room+Hall,897.0,89000.0,80000.0,11.0,Authority,Renew
2026-11-09,35,PARK RIDGE,1bed room+Hall,647.0,88200.0,95000.0,-7.0,Authority,Renew
2026-11-09,35,Park Field,1bed room+Hall,645.0,85000.0,110000.0,-23.0,Person,New
2026-11-09,35,PARK HEIGHTS II,1bed room+Hall,649.0,85000.0,87500.0,-3.0,Person,New
2026-11-09,35,PARK HEIGHTS II,1bed room+Hall,645.0,84000.0,87500.0,-4.0,Person,New
2026-11-09,35,PARK HEIGHTS II,1bed room+Hall,657.0,84000.0,87500.0,-4.0,Person,Renew
2026-11-09,35,PARK HEIGHTS II,1bed room+Hall,645.0,84000.0,87500.0,-4.0,Person,Renew
2026-11-09,35,ACACIA AT PARK HEIGHTS,1bed room+Hall,911.0,83490.0,120000.0,-30.0,Person,Renew
2026-11-09,35,Dubai Hills Estate,Studio,490.0,80000.0,,,Person,New
2026-11-09,35,PARK RIDGE,1bed room+Hall,650.0,80000.0,95000.0,-16.0,Person,Renew
2026-11-09,35,PARK RIDGE,1bed room+Hall,650.0,80000.0,95000.0,-16.0,Person,New
2026-11-09,35,Golf ville,1bed room+Hall,507.0,70000.0,75000.0,-7.0,Person,New
2026-11-09,35,Golf ville,1bed room+Hall,507.0,70000.0,75000.0,-7.0,Person,New
2026-11-09,35,MAG EYE Phase 1,Studio,412.0,50000.0,55000.0,-9.0,Person,New
2026-11-10,36,MAPLE,4 bed rooms+hall,3103.0,308000.0,260000.0,18.0,Authority,Renew
2026-11-10,36,Maple III,4 bed rooms+hall,3134.0,295000.0,275000.0,7.0,Person,Renew
2026-11-10,36,MULBERRY at PARK HEIGHTS,2 bed rooms+hall,1362.0,178000.0,178508.715,-0.0,Authority,Renew
2026-11-10,36,PARK RIDGE,2 bed rooms+hall,994.0,140000.0,150000.0,-7.0,Authority,Renew
2026-11-10,36,PARK HEIGHTS II,2 bed rooms+hall,959.0,135000.0,124000.0,9.0,Person,Renew
2026-11-10,36,ACACIA AT PARK HEIGHTS,1bed room+Hall,954.0,122500.0,120000.0,2.0,Person,Renew
2026-11-10,36,Dubai Hills Estate,1bed room+Hall,763.0,120000.0,,,Authority,New
2026-11-10,36,PARK RIDGE,1bed room+Hall,638.0,107000.0,95000.0,13.0,Authority,Renew
2026-11-10,36,Collective,1bed room+Hall,486.0,90000.0,78000.0,15.0,Authority,New
2026-11-10,36,MAG EYE Phase 1,1bed room+Hall,796.0,88000.0,80000.0,10.0,Authority,New
2026-11-10,36,Collective 2.0,1bed room+Hall,486.0,88000.0,80000.0,10.0,Authority,New
2026-11-10,36,MAG EYE Phase 1,1bed room+Hall,746.0,85000.0,80000.0,6.0,Person,New
2026-11-10,36,Dubai Hills Estate,Studio,456.0,80000.0,,,Authority,New
2026-11-10,36,Collective 2.0,1bed room+Hall,486.0,80000.0,80000.0,0.0,Authority,Renew
2026-11-11,37,MAPLE,5 bed rooms+hall,3108.0,330000.0,297500.0,11.0,Authority,Renew
2026-11-11,37,Maple III,3 bed rooms+hall,2180.0,240000.0,230000.0,4.0,Authority,Renew
2026-11-11,37,Maple III,4 bed rooms+hall,3033.0,240000.0,275000.0,-13.0,Authority,New
2026-11-11,37,Maple III,4 bed rooms+hall,4029.0,220110.0,275000.0,-20.0,Person,Renew
2026-11-11,37,MULBERRY at PARK HEIGHTS,2 bed rooms+hall,1304.0,202000.0,178508.715,13.0,Authority,New
2026-11-11,37,PARK RIDGE,2 bed rooms+hall,997.0,170100.0,150000.0,13.0,Authority,Renew
2026-11-11,37,PARK RIDGE,2 bed rooms+hall,990.0,155000.0,150000.0,3.0,Authority,Renew
2026-11-11,37,PARK RIDGE,1bed room+Hall,675.0,110000.0,95000.0,16.0,Authority,New
2026-11-11,37,Socio,1bed room+Hall,475.0,110000.0,81666.0,35.0,Person,New
2026-11-11,37,PARK RIDGE,1bed room+Hall,647.0,105000.0,95000.0,11.0,Authority,Renew
2026-11-11,37,Park Point,1bed room+Hall,691.0,100000.0,92000.0,9.0,Person,Renew
2026-11-11,37,Park Point,1bed room+Hall,688.0,99722.99,92000.0,8.0,Authority,Renew
2026-11-11,37,PARK HEIGHTS II,1bed room+Hall,645.0,90000.0,87500.0,3.0,Person,New
2026-11-11,37,Collective 2.0,1bed room+Hall,495.0,87000.0,80000.0,9.0,,New
2026-11-11,37,THE GROVE BY IMAN,Studio,420.0,85000.0,75000.0,13.0,Authority,New
2026-11-11,37,Collective 2.0,1bed room+Hall,486.0,80000.0,80000.0,0.0,Person,New
2026-11-11,37,ACACIA AT PARK HEIGHTS,1bed room+Hall,911.0,79860.0,120000.0,-33.0,Person,Renew
2026-11-11,37,MAG EYE Phase 1,Studio,412.0,60000.0,55000.0,9.0,Person,New
2026-11-11,37,MAG EYE Phase 1,Studio,414.0,55000.0,55000.0,0.0,Authority,New
2026-11-11,37,MAG EYE Phase 1,Studio,412.0,55000.0,55000.0,0.0,Authority,Renew
2026-11-12,38,(unnamed),Shop,700.0,252000.0,,,Authority,Renew
2026-11-12,38,ACACIA AT PARK HEIGHTS,2 bed rooms+hall,1559.0,215000.0,190000.0,13.0,Person,New
2026-11-12,38,MAG EYE Phase 1,2 bed rooms+hall,1203.0,160000.0,160000.0,0.0,Authority,New
2026-11-12,38,Park Heights I,2 bed rooms+hall,1076.0,150000.0,125000.0,20.0,Authority,Renew
2026-11-12,38,PARK RIDGE,1bed room+Hall,661.0,115000.0,95000.0,21.0,Authority,New
2026-11-12,38,Dubai Hills Estate,1bed room+Hall,1093.0,110000.0,,,Authority,New
2026-11-12,38,PARK RIDGE,1bed room+Hall,655.0,95000.0,95000.0,0.0,Person,New
2026-11-12,38,PARK HEIGHTS II,1bed room+Hall,645.0,90000.0,87500.0,3.0,Person,Renew
2026-11-12,38,MAG EYE Phase 1,1bed room+Hall,803.0,84000.0,80000.0,5.0,Person,Renew
2026-11-12,38,Collective 2.0,1bed room+Hall,486.0,82000.0,80000.0,3.0,Person,New
2026-11-12,38,Collective,1bed room+Hall,488.0,80000.0,78000.0,3.0,Authority,New
2026-11-12,38,Prive Residence,Studio,416.0,70000.0,70000.0,0.0,Person,New
2026-11-12,38,MAG EYE Phase 1,Studio,414.0,60000.0,55000.0,9.0,Authority,New
2026-11-12,38,MAG EYE Phase 1,Studio,397.0,56000.0,55000.0,2.0,Person,New
2026-11-13,39,Sidra 2,4 bed rooms+hall,4628.0,490000.0,460000.0,7.0,Person,New
2026-11-13,39,PARK RIDGE,2 bed rooms+hall,994.0,190000.0,150000.0,27.0,Authority,New
2026-11-13,39,PARK RIDGE,2 bed rooms+hall,992.0,177000.0,150000.0,18.0,Authority,New
2026-11-13,39,Golf Suites - Dubai Hills,2 bed rooms+hall,1209.0,162500.0,162500.0,0.0,Person,New
2026-11-13,39,ACACIA AT PARK HEIGHTS,2 bed rooms+hall,1815.0,152250.0,190000.0,-20.0,,Renew
2026-11-13,39,ACACIA AT PARK HEIGHTS,2 bed rooms+hall,1525.0,137940.0,190000.0,-27.0,,Renew
2026-11-13,39,Collective 2.0,2 bed rooms+hall,744.0,130000.0,112500.0,16.0,Authority,New
2026-11-13,39,MAG EYE Phase 1,1bed room+Hall,861.0,100000.0,80000.0,25.0,Authority,New
2026-11-13,39,PARK RIDGE,1bed room+Hall,650.0,99722.99,95000.0,5.0,Authority,New
2026-11-13,39,Park Heights I,1bed room+Hall,646.0,90000.0,89000.0,1.0,Person,New
2026-11-13,39,ACACIA AT PARK HEIGHTS,1bed room+Hall,911.0,87700.0,120000.0,-27.0,Person,Renew
2026-11-13,39,PARK RIDGE,1bed room+Hall,644.0,85995.0,95000.0,-9.0,Person,New
2026-11-13,39,Collective,1bed room+Hall,488.0,80000.0,78000.0,3.0,Authority,New
2026-11-13,39,MAG EYE Phase 1,Studio,408.0,60000.0,55000.0,9.0,Person,New
2026-11-13,39,MAG EYE Phase 1,1bed room+Hall,796.0,20000.0,80000.0,-75.0,Person,New
2026-11-14,40,The Fairway at Dubai Hills,5 bed rooms+hall,11453.0,2200000.0,,,Authority,New
2026-11-14,40,MAPLE 2,Shop,1567.0,447999.57,593066.67,-24.0,Authority,New
2026-11-14,40,MAPLE 2,Shop,1567.0,447999.57,593066.67,-24.0,Authority,New
2026-11-14,40,Sidra 2,3 bed rooms+hall,4418.0,380000.0,370000.0,3.0,Authority,New
2026-11-14,40,Sidra 2,4 bed rooms+hall,4770.0,375705.0,460000.0,-18.0,Person,Renew
2026-11-14,40,MAPLE 2,4 bed rooms+hall,4662.0,330000.0,265000.0,25.0,Person,New
2026-11-14,40,MAPLE 2,4 bed rooms+hall,3265.0,330000.0,265000.0,25.0,Person,Renew
2026-11-14,40,Maple III,4 bed rooms+hall,2991.0,300000.0,275000.0,9.0,Authority,New
2026-11-14,40,Golf Suites - Dubai Hills,3 bed rooms+hall,1697.0,300000.0,320000.0,-6.0,Authority,New
2026-11-14,40,Maple III,3 bed rooms+hall,2181.0,280000.0,230000.0,22.0,,New
2026-11-14,40,ELLINGTON HOUSE,2 bed rooms+hall,1274.0,265000.0,273000.0,-3.0,Person,New
2026-11-14,40,ELLINGTON HOUSE,2 bed rooms+hall,1366.0,265000.0,273000.0,-3.0,Authority,New
2026-11-14,40,MAPLE,3 bed rooms+hall,2062.0,252000.0,244565.22,3.0,Person,Renew
2026-11-14,40,Dubai Hills Estate,2 bed rooms+hall,1311.0,250000.0,,,Person,New
2026-11-14,40,MULBERRY at PARK HEIGHTS,2 bed rooms+hall,2053.0,240000.0,178508.715,34.0,Authority,Renew
2026-11-14,40,Maple III,3 bed rooms+hall,2216.0,231000.0,230000.0,0.0,Person,Renew
2026-11-14,40,ACACIA AT PARK HEIGHTS,3 bed rooms+hall,1381.0,230000.0,275000.0,-16.0,Authority,New
2026-11-14,40,MAG EYE Phase 1,3 bed rooms+hall,1460.0,210000.0,190000.0,11.0,Person,Renew
2026-11-14,40,MAG EYE Phase 1,3 bed rooms+hall,1763.0,205000.0,190000.0,8.0,Person,Renew
2026-11-14,40,MAG EYE Phase 1,3 bed rooms+hall,1460.0,192000.0,190000.0,1.0,Authority,Renew
2026-11-14,40,MAG EYE Phase 1,2 bed rooms+hall,1437.0,175000.0,160000.0,9.0,Person,New
2026-11-14,40,PARK RIDGE,2 bed rooms+hall,1002.0,165000.0,150000.0,10.0,Person,New
2026-11-14,40,Park Field,2 bed rooms+hall,1015.0,160000.0,160000.0,0.0,Authority,New
2026-11-14,40,Park Heights I,2 bed rooms+hall,1076.0,152000.0,125000.0,22.0,Authority,New
2026-11-14,40,PARK RIDGE,1bed room+Hall,652.0,140000.0,95000.0,47.0,Authority,New
2026-11-14,40,ELLINGTON HOUSE,1bed room+Hall,794.0,140000.0,152500.0,-8.0,Authority,New
2026-11-14,40,PARK RIDGE,2 bed rooms+hall,994.0,137800.0,150000.0,-8.0,Person,Renew
2026-11-14,40,PARK HEIGHTS II,2 bed rooms+hall,957.0,135000.0,124000.0,9.0,Person,Renew
2026-11-14,40,ACACIA AT PARK HEIGHTS,2 bed rooms+hall,1592.0,133000.0,190000.0,-30.0,Person,Renew
2026-11-14,40,Collective,2 bed rooms+hall,746.0,125000.0,101134.76999999999,24.0,Authority,Renew
2026-11-14,40,PARK RIDGE,1bed room+Hall,641.0,125000.0,95000.0,32.0,Authority,New
2026-11-14,40,ACACIA AT PARK HEIGHTS,1bed room+Hall,992.0,125000.0,120000.0,4.0,Person,New
2026-11-14,40,Golf ville,2 bed rooms+hall,748.0,120000.0,105000.0,14.0,Person,New
2026-11-14,40,Dubai Hills Estate,1bed room+Hall,752.0,116000.0,,,Authority,New
2026-11-14,40,Park Horizon,1bed room+Hall,659.0,115000.0,95000.0,21.0,Authority,New
2026-11-14,40,ACACIA AT PARK HEIGHTS,1bed room+Hall,923.0,110000.0,120000.0,-8.0,Person,Renew
2026-11-14,40,Golf ville,2 bed rooms+hall,768.0,110000.0,105000.0,5.0,Person,New
2026-11-14,40,PARK RIDGE,1bed room+Hall,654.0,100000.0,95000.0,5.0,Authority,Renew
2026-11-14,40,PARK RIDGE,1bed room+Hall,655.0,95000.0,95000.0,0.0,Person,New
2026-11-14,40,Golf Suites - Dubai Hills,1bed room+Hall,627.0,94500.0,100000.0,-6.0,Person,Renew
2026-11-14,40,PARK RIDGE,1bed room+Hall,648.0,93500.0,95000.0,-2.0,Authority,Renew
2026-11-14,40,Collective,2 bed rooms+hall,743.0,90000.0,101134.76999999999,-11.0,Authority,Renew
2026-11-14,40,PARK HEIGHTS II,1bed room+Hall,657.0,90000.0,87500.0,3.0,Person,New
2026-11-14,40,Park Heights I,1bed room+Hall,646.0,90000.0,89000.0,1.0,Person,Renew
2026-11-14,40,Park Heights I,1bed room+Hall,649.0,90000.0,89000.0,1.0,Authority,New
2026-11-14,40,ACACIA AT PARK HEIGHTS,1bed room+Hall,904.0,89100.0,120000.0,-26.0,Person,Renew
2026-11-14,40,Socio,1bed room+Hall,476.0,85000.0,81666.0,4.0,Person,New
2026-11-14,40,ACACIA AT PARK HEIGHTS,1bed room+Hall,923.0,83500.0,120000.0,-30.0,Person,Renew
2026-11-14,40,ACACIA AT PARK HEIGHTS,1bed room+Hall,904.0,82005.0,120000.0,-32.0,Person,Renew
2026-11-14,40,Golf ville,1bed room+Hall,500.0,80000.0,75000.0,7.0,Authority,New
2026-11-14,40,MAG EYE Phase 1,1bed room+Hall,753.0,80000.0,80000.0,0.0,Person,New
2026-11-14,40,MAG EYE Phase 1,1bed room+Hall,793.0,80000.0,80000.0,0.0,Person,New
2026-11-14,40,Collective,1bed room+Hall,474.0,75000.0,78000.0,-4.0,Person,New
2026-11-14,40,Dubai Hills Estate,Studio,385.0,60000.0,,,Person,New
2026-11-15,41,MAPLE 2,Shop,1855.0,557100.0,593066.67,-6.0,Authority,New
2026-11-15,41,Club Villas at Dubai Hills,4 bed rooms+hall,3948.0,450000.0,524000.0,-14.0,Authority,Renew
2026-11-15,41,Park Point,2 bed rooms+hall,1018.0,110400.0,140000.0,-21.0,Person,Renew
2026-11-15,41,PARK RIDGE,1bed room+Hall,654.0,110000.0,95000.0,16.0,Person,New
2026-11-15,41,ACACIA AT PARK HEIGHTS,1bed room+Hall,1272.0,84000.0,120000.0,-30.0,Person,Renew
2026-11-15,41,Golf ville,1bed room+Hall,507.0,74792.24,75000.0,-0.0,Person,New
2026-11-16,42,MAPLE 2,Shop,1381.0,442276.67,593066.67,-25.0,Authority,New
2026-11-16,42,Sidra 2,3 bed rooms+hall,4537.0,420000.0,370000.0,14.0,Person,New
2026-11-16,42,MAPLE 2,5 bed rooms+hall,3108.0,310000.0,295000.0,5.0,Person,New
2026-11-16,42,ELLINGTON HOUSE,2 bed rooms+hall,1362.0,265000.0,273000.0,-3.0,Authority,New
2026-11-16,42,ELLINGTON HOUSE,2 bed rooms+hall,1365.0,260000.0,273000.0,-5.0,Authority,New
2026-11-16,42,MAG EYE Phase 1,3 bed rooms+hall,1392.0,240000.0,190000.0,26.0,Authority,New
2026-11-16,42,ACACIA AT PARK HEIGHTS,2 bed rooms+hall,1315.0,200000.0,190000.0,5.0,Authority,New
2026-11-16,42,PARK RIDGE,2 bed rooms+hall,994.0,160000.0,150000.0,7.0,Authority,New
2026-11-16,42,Dubai Hills Estate,1bed room+Hall,866.0,155000.0,,,Person,New
2026-11-16,42,ELLINGTON HOUSE,1bed room+Hall,866.0,145000.0,152500.0,-5.0,Person,New
2026-11-16,42,PARK HEIGHTS II,1bed room+Hall,657.0,85000.0,87500.0,-3.0,Person,Renew
2026-11-16,42,Collective 2.0,1bed room+Hall,486.0,80000.0,80000.0,0.0,Authority,New
2026-11-17,43,MAPLE,4 bed rooms+hall,2177.0,270000.0,260000.0,4.0,Authority,New
2026-11-17,43,Sidra 3,3 bed rooms+hall,4359.0,265289.89,372500.0,-29.0,,Renew
2026-11-17,43,MAPLE,3 bed rooms+hall,2069.0,220000.0,244565.22,-10.0,Authority,Renew
2026-11-17,43,MAG EYE Phase 1,3 bed rooms+hall,1460.0,210000.0,190000.0,11.0,Person,Renew
2026-11-17,43,ACACIA AT PARK HEIGHTS,2 bed rooms+hall,1557.0,131250.0,190000.0,-31.0,Person,Renew
2026-11-17,43,ACACIA AT PARK HEIGHTS,1bed room+Hall,978.0,128000.0,120000.0,7.0,Person,New
2026-11-17,43,MULBERRY at PARK HEIGHTS,1bed room+Hall,915.0,120000.0,120000.0,0.0,Person,New
2026-11-17,43,MULBERRY at PARK HEIGHTS,1bed room+Hall,915.0,120000.0,120000.0,0.0,Person,New
2026-11-17,43,PARK RIDGE,1bed room+Hall,651.0,118000.0,95000.0,24.0,Authority,New
2026-11-17,43,PARK HEIGHTS II,1bed room+Hall,648.0,110000.0,87500.0,26.0,Authority,Renew
2026-11-17,43,Golf ville,2 bed rooms+hall,749.0,110000.0,105000.0,5.0,Authority,Renew
2026-11-17,43,Prive Residence,1bed room+Hall,741.0,95000.0,98000.0,-3.0,Person,Renew
2026-11-17,43,PARK RIDGE,1bed room+Hall,650.0,95000.0,95000.0,0.0,Person,New
2026-11-17,43,ACACIA AT PARK HEIGHTS,1bed room+Hall,910.0,95000.0,120000.0,-21.0,Person,Renew
2026-11-17,43,Collective,1bed room+Hall,488.0,85000.0,78000.0,9.0,Authority,New
2026-11-17,43,PARK HEIGHTS II,1bed room+Hall,645.0,85000.0,87500.0,-3.0,Person,Renew
2026-11-17,43,Dubai Hills Estate,1bed room+Hall,767.0,85000.0,,,Authority,Renew
2026-11-17,43,Prive Residence,Studio,401.0,74792.24,70000.0,7.0,Authority,New
2026-11-18,44,Sidra 2,3 bed rooms+hall,4417.0,400000.0,370000.0,8.0,,New
2026-11-18,44,SIDRA,3 bed rooms+hall,5153.0,399000.0,400000.0,-0.0,Person,New
2026-11-18,44,MULBERRY at PARK HEIGHTS,2 bed rooms+hall,1343.0,200000.0,178508.715,12.0,Authority,Renew
2026-11-18,44,PARK RIDGE,2 bed rooms+hall,1009.0,160000.0,150000.0,7.0,Person,Renew
2026-11-18,44,ACACIA AT PARK HEIGHTS,2 bed rooms+hall,2894.0,160000.0,190000.0,-16.0,Person,Renew
2026-11-18,44,ACACIA AT PARK HEIGHTS,2 bed rooms+hall,1529.0,137000.0,190000.0,-28.0,Person,Renew
2026-11-18,44,Park Field,1bed room+Hall,651.0,135000.0,110000.0,23.0,Person,New
2026-11-18,44,Park Field,1bed room+Hall,646.0,122500.0,110000.0,11.0,Authority,New
2026-11-18,44,Golf Suites - Dubai Hills,1bed room+Hall,722.0,120000.0,100000.0,20.0,Authority,New
2026-11-18,44,Collective 2.0,2 bed rooms+hall,743.0,120000.0,112500.0,7.0,Authority,New
2026-11-18,44,Dubai Hills Estate,1bed room+Hall,833.0,120000.0,,,Person,New
2026-11-18,44,PARK HEIGHTS II,1bed room+Hall,645.0,93000.0,87500.0,6.0,Person,New
2026-11-18,44,Collective 2.0,1bed room+Hall,492.0,87000.0,80000.0,9.0,Authority,New
2026-11-18,44,ACACIA AT PARK HEIGHTS,1bed room+Hall,934.0,86000.0,120000.0,-28.0,Person,Renew
2026-11-19,45,Golf Place ll,4 bed rooms+hall,8606.0,1100000.0,1175000.0,-6.0,Person,New
2026-11-19,45,Golf Place,4 bed rooms+hall,7104.0,815000.0,1200000.0,-32.0,Authority,Renew
2026-11-19,45,SIDRA,5 bed rooms+hall,5653.0,800000.0,622500.0,29.0,Person,New
2026-11-19,45,SIDRA,5 bed rooms+hall,4810.0,625000.0,622500.0,0.0,Authority,New
2026-11-19,45,Club Villas at Dubai Hills,4 bed rooms+hall,3371.0,480000.0,524000.0,-8.0,Authority,New
2026-11-19,45,Dubai Hills Estate,3 bed rooms+hall,2114.0,375000.0,,,Person,New
2026-11-19,45,Dubai Hills Estate,3 bed rooms+hall,2333.0,365000.0,,,Person,New
2026-11-19,45,Dubai Hills Estate,Shop,2862.0,328122.67,,,Authority,New
2026-11-19,45,MAPLE,4 bed rooms+hall,3130.0,320000.0,260000.0,23.0,Person,New
2026-11-19,45,MULBERRY at PARK HEIGHTS,3 bed rooms+hall,1950.0,300000.0,285000.0,5.0,Authority,Renew
2026-11-19,45,MAPLE 2,4 bed rooms+hall,3160.0,280000.0,265000.0,6.0,Person,Renew
2026-11-19,45,MAPLE 2,4 bed rooms+hall,2172.0,280000.0,265000.0,6.0,Person,New
2026-11-19,45,MAPLE,4 bed rooms+hall,3099.0,280000.0,260000.0,8.0,Authority,Renew
2026-11-19,45,Maple III,3 bed rooms+hall,2179.0,260000.0,230000.0,13.0,Person,New
2026-11-19,45,MAPLE,4 bed rooms+hall,2919.0,225000.0,260000.0,-13.0,Authority,Renew
2026-11-19,45,MULBERRY at PARK HEIGHTS,2 bed rooms+hall,1562.0,220000.0,178508.715,23.0,Authority,New
2026-11-19,45,ACACIA AT PARK HEIGHTS,2 bed rooms+hall,1572.0,195000.0,190000.0,3.0,Person,New
2026-11-19,45,MAG EYE Phase 1,3 bed rooms+hall,1479.0,195000.0,190000.0,3.0,Authority,Renew
2026-11-19,45,MAG EYE Phase 1,2 bed rooms+hall,1200.0,190000.0,160000.0,19.0,Authority,New
2026-11-19,45,MAG EYE Phase 1,3 bed rooms+hall,1705.0,190000.0,190000.0,0.0,Person,New
2026-11-19,45,MAG EYE Phase 1,3 bed rooms+hall,1460.0,180000.0,190000.0,-5.0,Authority,New
2026-11-19,45,Golf Suites - Dubai Hills,2 bed rooms+hall,1119.0,165000.0,162500.0,2.0,,Renew
2026-11-19,45,MAG EYE Phase 1,2 bed rooms+hall,1187.0,160000.0,160000.0,0.0,Person,New
2026-11-19,45,PARK RIDGE,2 bed rooms+hall,988.0,150000.0,150000.0,0.0,Person,New
2026-11-19,45,PARK HEIGHTS II,2 bed rooms+hall,1088.0,145000.0,124000.0,17.0,Authority,Renew
2026-11-19,45,ACACIA AT PARK HEIGHTS,2 bed rooms+hall,1529.0,140000.0,190000.0,-26.0,Person,Renew
2026-11-19,45,PARK RIDGE,2 bed rooms+hall,986.0,140000.0,150000.0,-7.0,Person,Renew
2026-11-19,45,Collective 2.0,2 bed rooms+hall,744.0,120000.0,112500.0,7.0,Authority,New
2026-11-19,45,Collective,2 bed rooms+hall,725.0,120000.0,101134.76999999999,19.0,Authority,New
2026-11-19,45,PARK RIDGE,1bed room+Hall,650.0,115000.0,95000.0,21.0,Person,New
2026-11-19,45,Park Heights I,1bed room+Hall,657.0,105000.0,89000.0,18.0,Authority,New
2026-11-19,45,Prive Residence,1bed room+Hall,741.0,100000.0,98000.0,2.0,Person,New
2026-11-19,45,Prive Residence,1bed room+Hall,672.0,100000.0,98000.0,2.0,,New
2026-11-19,45,Collective 2.0,1bed room+Hall,478.0,85000.0,80000.0,6.0,Authority,New
2026-11-19,45,PARK HEIGHTS II,1bed room+Hall,645.0,85000.0,87500.0,-3.0,Person,Renew
2026-11-19,45,Collective 2.0,1bed room+Hall,490.0,82500.0,80000.0,3.0,,Renew
2026-11-19,45,MAG EYE Phase 1,1bed room+Hall,823.0,80000.0,80000.0,0.0,Person,New
2026-11-19,45,THE GROVE BY IMAN,Studio,417.0,77000.0,75000.0,3.0,Authority,New
2026-11-19,45,ACACIA AT PARK HEIGHTS,1bed room+Hall,989.0,72765.0,120000.0,-39.0,Person,Renew
2026-11-19,45,Dubai Hills Estate,Studio,490.0,72000.0,,,Person,New
2026-11-19,45,Collective 2.0,2 bed rooms+hall,725.0,72000.0,112500.0,-36.0,Authority,Renew
2026-11-19,45,Golf ville,1bed room+Hall,507.0,72000.0,75000.0,-4.0,Authority,Renew
2026-11-19,45,Dubai Hills Estate,Studio,448.0,70000.0,,,Person,New
2026-11-19,45,Dubai Hills Estate,Studio,448.0,70000.0,,,Person,New
2026-11-19,45,MAG EYE Phase 1,Studio,394.0,60000.0,55000.0,9.0,Authority,New
2026-11-19,45,MAG EYE Phase 1,Studio,414.0,58000.0,55000.0,5.0,Person,New
2026-11-19,45,MAG EYE Phase 1,Studio,416.0,55000.0,55000.0,0.0,Person,New
2026-11-19,45,MAG EYE Phase 1,Studio,438.0,50000.0,55000.0,-9.0,Person,New
2026-11-20,46,Golf Grove,3 bed rooms+hall,3376.0,400000.0,395000.0,1.0,Authority,New
2026-11-20,46,MAPLE,4 bed rooms+hall,2174.0,285000.0,260000.0,10.0,Person,New
2026-11-20,46,Maple III,4 bed rooms+hall,2936.0,275000.0,275000.0,0.0,Authority,Renew
2026-11-20,46,MAPLE 2,4 bed rooms+hall,3118.0,265000.0,265000.0,0.0,Authority,Renew
2026-11-20,46,Golf Grove,3 bed rooms+hall,2927.0,210000.0,395000.0,-47.0,Authority,New
2026-11-20,46,MAG EYE Phase 1,2 bed rooms+hall,1187.0,195000.0,160000.0,22.0,Authority,New
2026-11-20,46,MAG EYE Phase 1,2 bed rooms+hall,1187.0,180000.0,160000.0,13.0,Person,New
2026-11-20,46,MAG EYE Phase 1,2 bed rooms+hall,1410.0,170000.0,160000.0,6.0,Person,Renew
2026-11-20,46,PARK RIDGE,2 bed rooms+hall,1003.0,165000.0,150000.0,10.0,Person,New
2026-11-20,46,Collective,1bed room+Hall,484.0,140000.0,78000.0,79.0,Person,New
2026-11-20,46,Prive Residence,1bed room+Hall,742.0,115000.0,98000.0,17.0,Authority,New
2026-11-20,46,Dubai Hills Estate,1bed room+Hall,763.0,115000.0,,,Authority,New
2026-11-20,46,PARK HEIGHTS II,1bed room+Hall,645.0,110000.0,87500.0,26.0,Authority,New
2026-11-20,46,Dubai Hills Estate,1bed room+Hall,767.0,91745.15,,,Person,New
2026-11-20,46,PARK RIDGE,1bed room+Hall,651.0,89500.0,95000.0,-6.0,Authority,Renew
2026-11-20,46,MAG EYE Phase 1,1bed room+Hall,753.0,75000.0,80000.0,-6.0,Person,Renew
2026-11-20,46,MAG EYE Phase 1,Studio,413.0,55000.0,55000.0,0.0,Authority,New
2026-11-21,47,ACACIA AT PARK HEIGHTS,2 bed rooms+hall,1525.0,145000.0,190000.0,-24.0,Person,Renew
2026-11-21,47,ACACIA AT PARK HEIGHTS,2 bed rooms+hall,1673.0,137000.0,190000.0,-28.0,Person,Renew
2026-11-21,47,ACACIA AT PARK HEIGHTS,1bed room+Hall,968.0,132500.0,120000.0,10.0,Person,Renew
2026-11-21,47,ACACIA AT PARK HEIGHTS,2 bed rooms+hall,1592.0,127339.0,190000.0,-33.0,Person,Renew
2026-11-21,47,PARK HEIGHTS II,2 bed rooms+hall,957.0,126000.0,124000.0,2.0,Person,Renew
2026-11-21,47,Collective 2.0,2 bed rooms+hall,727.0,110000.0,112500.0,-2.0,Person,Renew
2026-11-21,47,Dubai Hills Estate,1bed room+Hall,777.0,105000.0,,,Person,New
2026-11-21,47,ACACIA AT PARK HEIGHTS,2 bed rooms+hall,1047.0,100000.0,190000.0,-47.0,Person,Renew
2026-11-21,47,MAG EYE Phase 1,1bed room+Hall,857.0,93000.0,80000.0,16.0,Person,Renew
2026-11-21,47,Park Heights I,1bed room+Hall,646.0,85000.0,89000.0,-4.0,Authority,New
2026-11-21,47,ACACIA AT PARK HEIGHTS,1bed room+Hall,848.0,80500.0,120000.0,-33.0,Person,Renew
2026-11-21,47,Collective,1bed room+Hall,476.0,75000.0,78000.0,-4.0,Person,New
2026-11-21,47,PARK RIDGE,1bed room+Hall,648.0,74844.0,95000.0,-21.0,,Renew
2026-11-21,47,Dubai Hills Estate,Studio,490.0,70000.0,,,Person,New
2026-11-21,47,Dubai Hills Estate,Studio,455.0,69000.0,,,Person,New
2026-11-21,47,Dubai Hills Estate,Studio,385.0,66000.0,,,Person,New
2026-11-21,47,Dubai Hills Estate,Studio,385.0,66000.0,,,Person,New
2026-11-21,47,MAG EYE Phase 1,Studio,412.0,60000.0,55000.0,9.0,,New
2026-11-21,47,MAG EYE Phase 1,Studio,415.0,50000.0,55000.0,-9.0,Person,Renew
2026-11-22,48,Maple III,4 bed rooms+hall,2915.0,310000.0,275000.0,13.0,Authority,New
2026-11-22,48,MAPLE,5 bed rooms+hall,3242.0,300000.0,297500.0,1.0,Person,Renew
2026-11-22,48,ELLINGTON HOUSE,2 bed rooms+hall,1366.0,275000.0,273000.0,1.0,Authority,New
2026-11-22,48,MAG EYE Phase 1,3 bed rooms+hall,1705.0,190000.0,190000.0,0.0,Person,New
2026-11-22,48,Park Field,1bed room+Hall,645.0,140000.0,110000.0,27.0,Authority,New
2026-11-22,48,PARK RIDGE,1bed room+Hall,657.0,140000.0,95000.0,47.0,Authority,New
2026-11-22,48,Collective,2 bed rooms+hall,720.0,100000.0,101134.76999999999,-1.0,Person,New
2026-11-22,48,Collective 2.0,1bed room+Hall,490.0,94475.14,80000.0,18.0,Person,New
2026-11-22,48,MULBERRY at PARK HEIGHTS,1bed room+Hall,915.0,90000.0,120000.0,-25.0,Person,Renew
2026-11-22,48,Collective,1bed room+Hall,476.0,85000.0,78000.0,9.0,Person,New
2026-11-22,48,Golf ville,1bed room+Hall,496.0,73500.0,75000.0,-2.0,Person,Renew
2026-11-22,48,MAG EYE Phase 1,Studio,418.0,57000.0,55000.0,4.0,Authority,Renew
2026-11-22,48,MAG EYE Phase 1,Studio,417.0,57000.0,55000.0,4.0,Authority,Renew
2026-11-23,49,Golf Place ll,4 bed rooms+hall,7470.0,1500000.0,1175000.0,28.0,Person,New
2026-11-23,49,Sidra 2,4 bed rooms+hall,4686.0,540000.0,460000.0,17.0,,Renew
2026-11-23,49,ACACIA AT PARK HEIGHTS,2 bed rooms+hall,1318.0,326000.0,190000.0,72.0,Authority,New
2026-11-23,49,MAG EYE Phase 1,3 bed rooms+hall,1410.0,210000.0,190000.0,11.0,Person,New
2026-11-23,49,Park Field,2 bed rooms+hall,1050.0,200000.0,160000.0,25.0,Authority,New
2026-11-23,49,PARK RIDGE,2 bed rooms+hall,990.0,170000.0,150000.0,13.0,Authority,Renew
2026-11-23,49,Dubai Hills Estate,1bed room+Hall,865.0,155000.0,,,Person,New
2026-11-23,49,ACACIA AT PARK HEIGHTS,1bed room+Hall,908.0,125000.0,120000.0,4.0,Authority,New
2026-11-23,49,Golf ville,2 bed rooms+hall,748.0,120000.0,105000.0,14.0,Person,New
2026-11-23,49,Prive Residence,1bed room+Hall,773.0,120000.0,98000.0,22.0,Person,New
2026-11-23,49,PARK RIDGE,1bed room+Hall,661.0,95000.0,95000.0,0.0,Authority,New
2026-11-23,49,Collective,1bed room+Hall,487.0,93000.0,78000.0,19.0,Authority,New
2026-11-23,49,MAG EYE Phase 1,1bed room+Hall,871.0,88000.0,80000.0,10.0,,New
2026-11-23,49,PARK RIDGE,1bed room+Hall,669.0,87000.0,95000.0,-8.0,Person,New
2026-11-23,49,Golf ville,1bed room+Hall,507.0,80000.0,75000.0,7.0,Authority,New
2026-11-23,49,Golf ville,1bed room+Hall,500.0,73000.0,75000.0,-3.0,Person,New
2026-11-23,49,MAG EYE Phase 1,Studio,414.0,60000.0,55000.0,9.0,Person,New
2026-11-23,49,MAG EYE Phase 1,Studio,388.0,50000.0,55000.0,-9.0,Authority,New
2026-11-24,50,MAPLE 2,Shop,4989.0,1430695.0,593066.67,141.0,Authority,New
2026-11-24,50,Sidra 2,5 bed rooms+hall,6027.0,600000.0,635000.0,-6.0,Authority,New
2026-11-24,50,Club Villas at Dubai Hills,3 bed rooms+hall,2894.0,400000.0,445000.0,-10.0,Person,Renew
2026-11-24,50,MAPLE 2,4 bed rooms+hall,3255.0,320000.0,265000.0,21.0,Authority,New
2026-11-24,50,MAPLE 2,3 bed rooms+hall,2097.0,270000.0,220000.0,23.0,Person,New
2026-11-24,50,Park Field,2 bed rooms+hall,1703.0,220000.0,160000.0,38.0,Authority,New
2026-11-24,50,MAPLE,3 bed rooms+hall,2086.0,213333.33,244565.22,-13.0,Authority,New
2026-11-24,50,MULBERRY at PARK HEIGHTS,2 bed rooms+hall,1359.0,200000.0,178508.715,12.0,Authority,Renew
2026-11-24,50,ACACIA AT PARK HEIGHTS,2 bed rooms+hall,1315.0,190000.0,190000.0,0.0,Person,New
2026-11-24,50,MAG EYE Phase 1,3 bed rooms+hall,1392.0,185000.0,190000.0,-3.0,Authority,Renew
2026-11-24,50,PARK RIDGE,2 bed rooms+hall,990.0,165000.0,150000.0,10.0,Authority,Renew
2026-11-24,50,MAG EYE Phase 1,2 bed rooms+hall,1204.0,160000.0,160000.0,0.0,Person,New
2026-11-24,50,MAG EYE Phase 1,2 bed rooms+hall,1187.0,150000.0,160000.0,-6.0,Person,Renew
2026-11-24,50,PARK RIDGE,2 bed rooms+hall,989.0,147500.0,150000.0,-2.0,Authority,Renew
2026-11-24,50,PARK HEIGHTS II,2 bed rooms+hall,957.0,135000.0,124000.0,9.0,Authority,Renew
2026-11-24,50,MULBERRY at PARK HEIGHTS,1bed room+Hall,871.0,135000.0,120000.0,13.0,Person,New
2026-11-24,50,ACACIA AT PARK HEIGHTS,2 bed rooms+hall,1565.0,134000.0,190000.0,-29.0,Person,Renew
2026-11-24,50,ACACIA AT PARK HEIGHTS,2 bed rooms+hall,1501.0,131900.0,190000.0,-31.0,Person,Renew
2026-11-24,50,Golf ville,2 bed rooms+hall,743.0,130000.0,105000.0,24.0,Authority,Renew
2026-11-24,50,PARK RIDGE,1bed room+Hall,651.0,115000.0,95000.0,21.0,Authority,New
2026-11-24,50,Collective,1bed room+Hall,491.0,105000.0,78000.0,35.0,Person,Renew
2026-11-24,50,Collective 2.0,2 bed rooms+hall,736.0,102600.0,112500.0,-9.0,Person,Renew
2026-11-24,50,ACACIA AT PARK HEIGHTS,1bed room+Hall,658.0,100000.0,120000.0,-17.0,Authority,New
2026-11-24,50,PARK RIDGE,1bed room+Hall,639.0,95000.0,95000.0,0.0,Person,New
2026-11-24,50,Socio,1bed room+Hall,482.0,90000.0,81666.0,10.0,Authority,New
2026-11-24,50,MAG EYE Phase 1,1bed room+Hall,805.0,80000.0,80000.0,0.0,Person,New
2026-11-24,50,Collective,1bed room+Hall,483.0,78000.0,78000.0,0.0,Person,New
2026-11-24,50,Dubai Hills Estate,Studio,415.0,66150.0,,,Authority,New
2026-11-24,50,MAG EYE Phase 1,Studio,416.0,50000.0,55000.0,-9.0,Person,Renew
2026-11-25,51,Maple III,4 bed rooms+hall,3414.0,220500.0,275000.0,-20.0,Authority,Renew
2026-11-25,51,ELLINGTON HOUSE,1bed room+Hall,843.0,160000.0,152500.0,5.0,Authority,New
2026-11-25,51,ACACIA AT PARK HEIGHTS,2 bed rooms+hall,1768.0,150178.0,190000.0,-21.0,Person,Renew
2026-11-25,51,Park Point,2 bed rooms+hall,1004.0,136110.0,140000.0,-3.0,Person,Renew
2026-11-25,51,ACACIA AT PARK HEIGHTS,2 bed rooms+hall,1525.0,130050.0,190000.0,-32.0,Person,Renew
2026-11-25,51,MULBERRY at PARK HEIGHTS,1bed room+Hall,998.0,125000.0,120000.0,4.0,Person,New
2026-11-25,51,MAG EYE Phase 1,Studio,450.0,64000.0,55000.0,16.0,Authority,New
2026-11-25,51,MAG EYE Phase 1,Studio,414.0,60000.0,55000.0,9.0,Authority,New
2026-11-25,51,Sidra 3,4 bed rooms+hall,4926.0,50000.0,450000.0,-89.0,,New
2026-11-26,52,MULBERRY at PARK HEIGHTS,3 bed rooms+hall,1953.0,375000.0,285000.0,32.0,Person,Renew
2026-11-26,52,Sidra 2,3 bed rooms+hall,4549.0,350000.0,370000.0,-5.0,Person,Renew
2026-11-26,52,Maple III,5 bed rooms+hall,3443.0,330000.0,,,Authority,Renew
2026-11-26,52,Maple III,4 bed rooms+hall,3951.0,305000.0,275000.0,11.0,Authority,New
2026-11-26,52,MAPLE,4 bed rooms+hall,3062.0,284950.0,260000.0,10.0,Authority,Renew
2026-11-26,52,Park Field,2 bed rooms+hall,1010.0,190000.0,160000.0,19.0,Authority,New
2026-11-26,52,Golf Suites - Dubai Hills,2 bed rooms+hall,1118.0,170000.0,162500.0,5.0,Authority,New
2026-11-26,52,Park Point,2 bed rooms+hall,940.0,140000.0,140000.0,0.0,Person,New
2026-11-26,52,Collective,2 bed rooms+hall,730.0,130000.0,101134.76999999999,29.0,Authority,New
2026-11-26,52,ACACIA AT PARK HEIGHTS,2 bed rooms+hall,1487.0,128000.0,190000.0,-33.0,Person,Renew
2026-11-26,52,Park Field,1bed room+Hall,648.0,115000.0,110000.0,5.0,Authority,New
2026-11-26,52,PARK HEIGHTS II,1bed room+Hall,645.0,105000.0,87500.0,20.0,Authority,New
2026-11-26,52,ACACIA AT PARK HEIGHTS,1bed room+Hall,921.0,83000.0,120000.0,-31.0,Person,Renew
2026-11-26,52,MAG EYE Phase 1,Studio,416.0,60000.0,55000.0,9.0,Authority,New
2026-11-27,53,SIDRA,4 bed rooms+hall,5367.0,420000.0,430000.0,-2.0,Authority,Renew
2026-11-27,53,Club Villas at Dubai Hills,3 bed rooms+hall,2893.0,410000.0,445000.0,-8.0,Person,Renew
2026-11-27,53,MAPLE 2,4 bed rooms+hall,3183.0,330000.0,265000.0,25.0,Authority,New
2026-11-27,53,MAPLE,5 bed rooms+hall,3201.0,320000.0,297500.0,8.0,Authority,New
2026-11-27,53,MAPLE 2,3 bed rooms+hall,2095.0,245000.0,220000.0,11.0,Person,New
2026-11-27,53,MAG EYE Phase 1,3 bed rooms+hall,1611.0,210000.0,190000.0,11.0,Person,New
2026-11-27,53,Dubai Hills Estate,1bed room+Hall,852.0,140000.0,,,Person,New
2026-11-27,53,MULBERRY at PARK HEIGHTS,1bed room+Hall,871.0,135000.0,120000.0,13.0,Authority,New
2026-11-27,53,ACACIA AT PARK HEIGHTS,2 bed rooms+hall,1485.0,131500.0,190000.0,-31.0,Person,Renew
2026-11-27,53,Collective 2.0,2 bed rooms+hall,725.0,110000.0,112500.0,-2.0,Person,New
2026-11-27,53,PARK RIDGE,1bed room+Hall,649.0,100000.0,95000.0,5.0,Authority,New
2026-11-27,53,ACACIA AT PARK HEIGHTS,1bed room+Hall,1269.0,98200.0,120000.0,-18.0,Person,Renew
2026-11-27,53,Park Point,1bed room+Hall,735.0,95000.0,92000.0,3.0,Authority,Renew
2026-11-27,53,ACACIA AT PARK HEIGHTS,1bed room+Hall,910.0,90250.0,120000.0,-25.0,Person,Renew
2026-11-27,53,THE GROVE BY IMAN,Studio,420.0,90000.0,75000.0,20.0,Authority,New
2026-11-27,53,PARK RIDGE,1bed room+Hall,642.0,90000.0,95000.0,-5.0,Person,New
2026-11-27,53,Dubai Hills Estate,Studio,492.0,90000.0,,,Authority,Renew
2026-11-27,53,MAG EYE Phase 1,1bed room+Hall,793.0,90000.0,80000.0,13.0,Authority,Renew
2026-11-27,53,PARK HEIGHTS II,1bed room+Hall,645.0,89000.0,87500.0,2.0,Person,New
2026-11-27,53,MAG EYE Phase 1,1bed room+Hall,805.0,85000.0,80000.0,6.0,Person,New
2026-11-27,53,Dubai Hills Estate,Studio,448.0,85000.0,,,,New
2026-11-27,53,ACACIA AT PARK HEIGHTS,1bed room+Hall,900.0,82500.0,120000.0,-31.0,Person,Renew
2026-11-27,53,Collective,1bed room+Hall,474.0,80000.0,78000.0,3.0,Authority,New
2026-11-28,54,Sidra 2,4 bed rooms+hall,4717.0,500000.0,460000.0,9.0,Person,Renew
2026-11-28,54,MAPLE 2,Shop,1446.0,429408.72,593066.67,-28.0,Authority,New
2026-11-28,54,Maple III,3 bed rooms+hall,2143.0,290000.0,230000.0,26.0,Authority,Renew
2026-11-28,54,MULBERRY at PARK HEIGHTS,2 bed rooms+hall,1712.0,250000.0,178508.715,40.0,Person,New
2026-11-28,54,MULBERRY at PARK HEIGHTS,2 bed rooms+hall,1301.0,190000.0,178508.715,6.0,Authority,New
2026-11-28,54,Park Field,1bed room+Hall,647.0,150000.0,110000.0,36.0,Authority,New
2026-11-28,54,Golf ville,2 bed rooms+hall,740.0,140000.0,105000.0,33.0,Authority,New
2026-11-28,54,Collective 2.0,2 bed rooms+hall,731.0,120000.0,112500.0,7.0,Authority,Renew
2026-11-28,54,Dubai Hills Estate,1bed room+Hall,853.0,120000.0,,,Person,New
2026-11-28,54,Dubai Hills Estate,1bed room+Hall,853.0,120000.0,,,Person,New
2026-11-28,54,Collective 2.0,1bed room+Hall,477.0,95000.0,80000.0,19.0,Authority,New
2026-11-28,54,PARK RIDGE,1bed room+Hall,649.0,95000.0,95000.0,0.0,Authority,Renew
2026-11-28,54,Golf ville,1bed room+Hall,500.0,90000.0,75000.0,20.0,Authority,New
2026-11-28,54,PARK RIDGE,1bed room+Hall,652.0,88200.0,95000.0,-7.0,Authority,Renew
2026-11-28,54,Golf ville,1bed room+Hall,503.0,65000.0,75000.0,-13.0,Authority,New
2026-11-29,55,Sidra 3,4 bed rooms+hall,4903.0,850000.0,450000.0,89.0,Person,Renew
2026-11-29,55,Sidra 2,5 bed rooms+hall,6117.0,670000.0,635000.0,6.0,Authority,New
2026-11-29,55,SIDRA,5 bed rooms+hall,5239.0,500000.0,622500.0,-20.0,Authority,Renew
2026-11-29,55,Maple III,4 bed rooms+hall,3061.0,300000.0,275000.0,9.0,Authority,New
2026-11-29,55,Maple III,4 bed rooms+hall,2893.0,295000.0,275000.0,7.0,Authority,New
2026-11-29,55,PARK RIDGE,3 bed rooms+hall,2761.0,235000.0,240000.0,-2.0,,Renew
2026-11-29,55,PARK RIDGE,2 bed rooms+hall,989.0,165000.0,150000.0,10.0,Authority,Renew
2026-11-29,55,Dubai Hills Estate,1bed room+Hall,853.0,140000.0,,,Person,New
2026-11-29,55,ACACIA AT PARK HEIGHTS,2 bed rooms+hall,1592.0,138000.0,190000.0,-27.0,Person,Renew
2026-11-29,55,PARK RIDGE,1bed room+Hall,651.0,120000.0,95000.0,26.0,Authority,New
2026-11-29,55,Golf ville,2 bed rooms+hall,748.0,105000.0,105000.0,0.0,Authority,New
2026-11-29,55,PARK RIDGE,1bed room+Hall,675.0,100000.0,95000.0,5.0,Authority,Renew
2026-11-29,55,Collective 2.0,1bed room+Hall,474.0,90000.0,80000.0,13.0,Authority,New
2026-11-29,55,PARK HEIGHTS II,1bed room+Hall,649.0,84000.0,87500.0,-4.0,Person,Renew
2026-11-29,55,ACACIA AT PARK HEIGHTS,1bed room+Hall,917.0,78150.0,120000.0,-35.0,Person,Renew
2026-11-29,55,Dubai Hills Estate,Studio,448.0,72000.0,,,Person,New
2026-11-29,55,Golf ville,1bed room+Hall,507.0,65000.0,75000.0,-13.0,Person,New
2026-11-29,55,MAG EYE Phase 1,Studio,394.0,55000.0,55000.0,0.0,Authority,New
2026-11-29,55,MAG EYE Phase 1,Studio,412.0,55000.0,55000.0,0.0,,Renew
2026-11-29,55,MAG EYE Phase 1,Studio,413.0,53000.0,55000.0,-4.0,Person,Renew
2026-11-30,56,Golf Place,6 bed rooms+hall,14921.0,1950000.0,,,Person,New
2026-11-30,56,The Fairway at Dubai Hills,6 bed rooms+hall,134075.0,1600000.0,1600000.0,0.0,Person,New
2026-11-30,56,Golf Place ll,4 bed rooms+hall,8607.0,1150000.0,1175000.0,-2.0,Authority,New
2026-11-30,56,Dubai Hills Estate,Office,3015.0,866657.94,,,Authority,New
2026-11-30,56,Dubai Hills Estate,Office,3367.0,866657.94,,,Authority,New
2026-11-30,56,Dubai Hills Estate,Office,2856.0,825188.7,,,Authority,New
2026-11-30,56,Dubai Hills Estate,Office,3220.0,825188.7,,,Authority,New
2026-11-30,56,Sidra 2,5 bed rooms+hall,7177.0,800000.0,635000.0,26.0,,Renew
2026-11-30,56,Sidra 3,4 bed rooms+hall,5023.0,590000.0,450000.0,31.0,Authority,New
2026-11-30,56,Club Villas at Dubai Hills,3 bed rooms+hall,3070.0,515000.0,445000.0,16.0,Authority,New
2026-11-30,56,SIDRA,3 bed rooms+hall,5213.0,480000.0,400000.0,20.0,Authority,New
2026-11-30,56,SIDRA,4 bed rooms+hall,4954.0,470000.0,430000.0,9.0,Authority,New
2026-11-30,56,Sidra 2,4 bed rooms+hall,4650.0,460000.0,460000.0,0.0,Authority,New
2026-11-30,56,Sidra 2,4 bed rooms+hall,4579.0,460000.0,460000.0,0.0,Person,Renew
2026-11-30,56,SIDRA,4 bed rooms+hall,5384.0,450000.0,430000.0,5.0,Authority,New
2026-11-30,56,Sidra 3,3 bed rooms+hall,4337.0,440000.0,372500.0,18.0,Authority,New
2026-11-30,56,SIDRA,4 bed rooms+hall,5102.0,430000.0,430000.0,0.0,Authority,New
2026-11-30,56,Golf Grove,3 bed rooms+hall,3184.0,430000.0,395000.0,9.0,Person,New
2026-11-30,56,Sidra 2,3 bed rooms+hall,4553.0,410000.0,370000.0,11.0,Authority,New
2026-11-30,56,Sidra 2,4 bed rooms+hall,4822.0,400000.0,460000.0,-13.0,Person,Renew
2026-11-30,56,Club Villas at Dubai Hills,3 bed rooms+hall,3134.0,400000.0,445000.0,-10.0,Authority,Renew
2026-11-30,56,Sidra 2,3 bed rooms+hall,4450.0,390000.0,370000.0,5.0,Authority,New
2026-11-30,56,Sidra 2,3 bed rooms+hall,4450.0,385000.0,370000.0,4.0,Person,New
2026-11-30,56,SIDRA,3 bed rooms+hall,4680.0,350000.0,400000.0,-13.0,Authority,Renew
2026-11-30,56,MULBERRY at PARK HEIGHTS,3 bed rooms+hall,1951.0,335000.0,285000.0,18.0,Authority,Renew
2026-11-30,56,Maple III,4 bed rooms+hall,2932.0,325000.0,275000.0,18.0,Person,New
2026-11-30,56,MAPLE 2,4 bed rooms+hall,2920.0,300000.0,265000.0,13.0,Authority,New
2026-11-30,56,ACACIA AT PARK HEIGHTS,3 bed rooms+hall,1735.0,300000.0,275000.0,9.0,Person,Renew
2026-11-30,56,Maple III,4 bed rooms+hall,2266.0,300000.0,275000.0,9.0,Authority,Renew
2026-11-30,56,MAPLE 2,4 bed rooms+hall,2214.0,290000.0,265000.0,9.0,Authority,Renew
2026-11-30,56,Maple III,4 bed rooms+hall,3509.0,285000.0,275000.0,4.0,Authority,New
2026-11-30,56,MAPLE 2,3 bed rooms+hall,2099.0,280000.0,220000.0,27.0,Authority,Renew
2026-11-30,56,MAPLE 2,4 bed rooms+hall,3100.0,280000.0,265000.0,6.0,Authority,Renew
2026-11-30,56,Maple III,4 bed rooms+hall,2907.0,280000.0,275000.0,2.0,Authority,Renew
2026-11-30,56,ELLINGTON HOUSE,2 bed rooms+hall,1366.0,273000.0,273000.0,0.0,Authority,New
2026-11-30,56,MAPLE 2,3 bed rooms+hall,2271.0,270000.0,220000.0,23.0,Authority,Renew
2026-11-30,56,MAPLE,4 bed rooms+hall,3696.0,270000.0,260000.0,4.0,Authority,Renew
2026-11-30,56,MAPLE,4 bed rooms+hall,2170.0,260000.0,260000.0,0.0,Authority,New
2026-11-30,56,PARK RIDGE,3 bed rooms+hall,2688.0,260000.0,240000.0,8.0,Authority,New
2026-11-30,56,ELLINGTON HOUSE,2 bed rooms+hall,1366.0,260000.0,273000.0,-5.0,Authority,New
2026-11-30,56,MAPLE,3 bed rooms+hall,2090.0,260000.0,244565.22,6.0,Authority,New
2026-11-30,56,MAPLE 2,3 bed rooms+hall,2149.0,250000.0,220000.0,14.0,,New
2026-11-30,56,MAPLE 2,3 bed rooms+hall,2149.0,250000.0,220000.0,14.0,Person,New
2026-11-30,56,MAPLE,3 bed rooms+hall,2094.0,247000.0,244565.22,1.0,Person,New
2026-11-30,56,Dubai Hills Estate,2 bed rooms+hall,1314.0,245000.0,,,Person,New
2026-11-30,56,ACACIA AT PARK HEIGHTS,3 bed rooms+hall,1381.0,240000.0,275000.0,-13.0,,New
2026-11-30,56,Park Heights I,3 bed rooms+hall,1609.0,235200.0,200000.0,18.0,Person,Renew
2026-11-30,56,MAPLE,3 bed rooms+hall,2073.0,235000.0,244565.22,-4.0,,Renew
2026-11-30,56,PARK RIDGE,3 bed rooms+hall,1580.0,231000.0,240000.0,-4.0,Authority,New
2026-11-30,56,ACACIA AT PARK HEIGHTS,2 bed rooms+hall,1815.0,230000.0,190000.0,21.0,Person,Renew
2026-11-30,56,ACACIA AT PARK HEIGHTS,2 bed rooms+hall,1322.0,220000.0,190000.0,16.0,Authority,Renew
2026-11-30,56,MAPLE,4 bed rooms+hall,2899.0,212520.0,260000.0,-18.0,Person,Renew
2026-11-30,56,PARK RIDGE,3 bed rooms+hall,1572.0,210000.0,240000.0,-13.0,Authority,Renew
2026-11-30,56,MAG EYE Phase 1,3 bed rooms+hall,1405.0,210000.0,190000.0,11.0,Person,New
2026-11-30,56,MAPLE,3 bed rooms+hall,2098.0,200000.0,244565.22,-18.0,Person,Renew
2026-11-30,56,Park Field,2 bed rooms+hall,1528.0,190000.0,160000.0,19.0,Person,New
2026-11-30,56,MAG EYE Phase 1,3 bed rooms+hall,1547.0,190000.0,190000.0,0.0,Person,New
2026-11-30,56,Park Field,2 bed rooms+hall,987.0,185000.0,160000.0,16.0,Authority,New
2026-11-30,56,MAG EYE Phase 1,2 bed rooms+hall,1187.0,175000.0,160000.0,9.0,Person,New
2026-11-30,56,Park Horizon,2 bed rooms+hall,991.0,170000.0,149000.0,14.0,Authority,New
2026-11-30,56,ELLINGTON HOUSE,1bed room+Hall,843.0,165000.0,152500.0,8.0,Authority,New
2026-11-30,56,MAG EYE Phase 1,2 bed rooms+hall,1187.0,160000.0,160000.0,0.0,Person,New
2026-11-30,56,MAG EYE Phase 1,2 bed rooms+hall,1187.0,155000.0,160000.0,-3.0,Authority,New
2026-11-30,56,MAG EYE Phase 1,2 bed rooms+hall,1187.0,150000.0,160000.0,-6.0,Person,Renew
2026-11-30,56,ACACIA AT PARK HEIGHTS,2 bed rooms+hall,1677.0,149500.0,190000.0,-21.0,Person,Renew
2026-11-30,56,Socio,2 bed rooms+hall,744.0,140000.0,115000.0,22.0,Person,New
2026-11-30,56,Golf Suites - Dubai Hills,1bed room+Hall,717.0,140000.0,100000.0,40.0,Person,New
2026-11-30,56,ACACIA AT PARK HEIGHTS,2 bed rooms+hall,1363.0,138485.0,190000.0,-27.0,Person,Renew
2026-11-30,56,ACACIA AT PARK HEIGHTS,2 bed rooms+hall,1525.0,137940.0,190000.0,-27.0,Person,Renew
2026-11-30,56,ACACIA AT PARK HEIGHTS,2 bed rooms+hall,1818.0,135960.0,190000.0,-28.0,Person,Renew
2026-11-30,56,ACACIA AT PARK HEIGHTS,2 bed rooms+hall,1361.0,135500.0,190000.0,-29.0,Person,Renew
2026-11-30,56,ACACIA AT PARK HEIGHTS,2 bed rooms+hall,1609.0,135000.0,190000.0,-29.0,Person,Renew
2026-11-30,56,Socio,2 bed rooms+hall,724.0,135000.0,115000.0,17.0,Person,New
2026-11-30,56,ACACIA AT PARK HEIGHTS,2 bed rooms+hall,1572.0,132900.0,190000.0,-30.0,Person,Renew
2026-11-30,56,ACACIA AT PARK HEIGHTS,2 bed rooms+hall,1410.0,131000.0,190000.0,-31.0,Person,Renew
2026-11-30,56,Collective,2 bed rooms+hall,741.0,130000.0,101134.76999999999,29.0,Authority,New
2026-11-30,56,Park Point,2 bed rooms+hall,1016.0,130000.0,140000.0,-7.0,Person,Renew
2026-11-30,56,ACACIA AT PARK HEIGHTS,2 bed rooms+hall,1411.0,127050.0,190000.0,-33.0,Person,Renew
2026-11-30,56,ACACIA AT PARK HEIGHTS,2 bed rooms+hall,1412.0,127050.0,190000.0,-33.0,Person,Renew
2026-11-30,56,Park Field,1bed room+Hall,648.0,125000.0,110000.0,14.0,Person,New
2026-11-30,56,Collective,2 bed rooms+hall,745.0,125000.0,101134.76999999999,24.0,Authority,New
2026-11-30,56,Park Field,1bed room+Hall,647.0,120000.0,110000.0,9.0,Authority,New
2026-11-30,56,PARK HEIGHTS II,2 bed rooms+hall,1089.0,120000.0,124000.0,-3.0,Person,Renew
2026-11-30,56,Collective,2 bed rooms+hall,730.0,120000.0,101134.76999999999,19.0,Authority,New
2026-11-30,56,PARK RIDGE,1bed room+Hall,669.0,120000.0,95000.0,26.0,Person,New
2026-11-30,56,Collective 2.0,2 bed rooms+hall,732.0,118000.0,112500.0,5.0,Authority,Renew
2026-11-30,56,PARK RIDGE,1bed room+Hall,654.0,108000.0,95000.0,14.0,Authority,Renew
2026-11-30,56,Collective 2.0,2 bed rooms+hall,722.0,105000.0,112500.0,-7.0,Authority,Renew
2026-11-30,56,PARK HEIGHTS II,1bed room+Hall,853.0,105000.0,87500.0,20.0,Person,New
2026-11-30,56,PARK HEIGHTS II,1bed room+Hall,646.0,105000.0,87500.0,20.0,Person,New
2026-11-30,56,PARK HEIGHTS II,1bed room+Hall,645.0,100000.0,87500.0,14.0,Authority,Renew
2026-11-30,56,Dubai Hills Estate,1bed room+Hall,916.0,100000.0,,,Authority,New
2026-11-30,56,PARK RIDGE,1bed room+Hall,647.0,95000.0,95000.0,0.0,Person,New
2026-11-30,56,Collective,1bed room+Hall,476.0,95000.0,78000.0,22.0,Person,New
2026-11-30,56,PARK HEIGHTS II,1bed room+Hall,645.0,95000.0,87500.0,9.0,Person,New
2026-11-30,56,MAG EYE Phase 1,1bed room+Hall,787.0,95000.0,80000.0,19.0,Person,Renew
2026-11-30,56,MAG EYE Phase 1,1bed room+Hall,793.0,95000.0,80000.0,19.0,Person,New
2026-11-30,56,MAG EYE Phase 1,1bed room+Hall,824.0,90250.7,80000.0,13.0,Person,New
2026-11-30,56,PARK RIDGE,1bed room+Hall,650.0,90200.0,95000.0,-5.0,Authority,Renew
2026-11-30,56,PARK RIDGE,1bed room+Hall,647.0,86400.0,95000.0,-9.0,Person,New
2026-11-30,56,MAG EYE Phase 1,1bed room+Hall,897.0,85000.0,80000.0,6.0,Authority,Renew
2026-11-30,56,MAG EYE Phase 1,1bed room+Hall,796.0,85000.0,80000.0,6.0,Authority,New
2026-11-30,56,ACACIA AT PARK HEIGHTS,1bed room+Hall,933.0,84315.0,120000.0,-30.0,Person,Renew
2026-11-30,56,ACACIA AT PARK HEIGHTS,1bed room+Hall,846.0,83500.0,120000.0,-30.0,Person,Renew
2026-11-30,56,MAG EYE Phase 1,1bed room+Hall,746.0,83000.0,80000.0,4.0,Authority,Renew
2026-11-30,56,PARK RIDGE,1bed room+Hall,651.0,82688.0,95000.0,-13.0,Authority,Renew
2026-11-30,56,Dubai Hills Estate,Studio,490.0,82000.0,,,Authority,New
2026-11-30,56,MAG EYE Phase 1,1bed room+Hall,753.0,82000.0,80000.0,3.0,Authority,New
2026-11-30,56,ACACIA AT PARK HEIGHTS,1bed room+Hall,1133.0,82000.0,120000.0,-32.0,Person,Renew
2026-11-30,56,ACACIA AT PARK HEIGHTS,1bed room+Hall,848.0,81000.0,120000.0,-33.0,,Renew
2026-11-30,56,ACACIA AT PARK HEIGHTS,1bed room+Hall,921.0,78540.0,120000.0,-35.0,Person,Renew
2026-11-30,56,ACACIA AT PARK HEIGHTS,1bed room+Hall,846.0,76230.0,120000.0,-36.0,Person,Renew
2026-11-30,56,Collective 2.0,1bed room+Hall,490.0,75075.0,80000.0,-6.0,Person,Renew
2026-11-30,56,Collective,1bed room+Hall,483.0,75000.0,78000.0,-4.0,Person,New
2026-11-30,56,Park Heights I,1bed room+Hall,646.0,68700.0,89000.0,-23.0,Authority,Renew
2026-11-30,56,MAG EYE Phase 1,Studio,394.0,66000.0,55000.0,20.0,Person,New
2026-11-30,56,MAG EYE Phase 1,Studio,413.0,63000.0,55000.0,15.0,Authority,New
2026-11-30,56,MAG EYE Phase 1,Studio,414.0,62000.0,55000.0,13.0,Person,New
2026-11-30,56,Maple III,3 bed rooms+hall,2182.0,58311.69,230000.0,-75.0,Person,Renew
2026-11-30,56,MAG EYE Phase 1,Studio,414.0,57000.0,55000.0,4.0,Authority,New
2026-11-30,56,MAG EYE Phase 1,Studio,414.0,55200.0,55000.0,0.0,Person,New
2026-11-30,56,MAG EYE Phase 1,Studio,416.0,50000.0,55000.0,-9.0,Authority,Renew
2026-11-30,56,MAG EYE Phase 1,Studio,438.0,50000.0,55000.0,-9.0,Authority,New
2026-11-30,56,MAG EYE Phase 1,Studio,394.0,49000.0,55000.0,-11.0,Authority,Renew
2026-11-30,56,MAG EYE Phase 1,Studio,385.0,46200.0,55000.0,-16.0,Person,Renew
2026-11-30,56,MAG EYE Phase 1,1bed room+Hall,410.0,25000.0,80000.0,-69.0,Person,New
2026-12-01,57,MAPLE 2,Shop,1987.0,705215.96,593066.67,19.0,Authority,New
2026-12-01,57,MAPLE 2,Shop,1987.0,705215.96,593066.67,19.0,Authority,New
2026-12-01,57,Club Villas at Dubai Hills,3 bed rooms+hall,2894.0,440000.0,445000.0,-1.0,Person,New
2026-12-01,57,MAPLE,5 bed rooms+hall,3251.0,350000.0,297500.0,18.0,Person,New
2026-12-01,57,ELLINGTON HOUSE,2 bed rooms+hall,1302.0,259202.91,273000.0,-5.0,Person,New
2026-12-01,57,Park Heights I,3 bed rooms+hall,1610.0,190000.0,200000.0,-5.0,Authority,New
2026-12-01,57,Prive Residence,1bed room+Hall,662.0,110000.0,98000.0,12.0,Authority,New
2026-12-01,57,Golf ville,2 bed rooms+hall,746.0,110000.0,105000.0,5.0,Person,Renew
2026-12-01,57,Dubai Hills Estate,Studio,453.0,72000.0,,,Person,Renew
2026-12-01,57,MAG EYE Phase 1,1bed room+Hall,900.0,70000.0,80000.0,-13.0,Person,New
2026-12-01,57,MAG EYE Phase 1,Studio,411.0,65000.0,55000.0,18.0,Person,New
2026-12-01,57,MAG EYE Phase 1,Studio,414.0,52000.0,55000.0,-5.0,Person,Renew
2026-12-02,58,Sidra 3,4 bed rooms+hall,4650.0,480000.0,450000.0,7.0,Authority,New
2026-12-02,58,Golf Suites - Dubai Hills,2 bed rooms+hall,1121.0,220000.0,162500.0,35.0,Authority,New
2026-12-02,58,MAPLE,4 bed rooms+hall,2170.0,187000.0,260000.0,-28.0,Person,Renew
2026-12-02,58,PARK RIDGE,2 bed rooms+hall,1378.0,180000.0,150000.0,20.0,Authority,New
2026-12-02,58,MAG EYE Phase 1,2 bed rooms+hall,1187.0,145000.0,160000.0,-9.0,Authority,Renew
2026-12-02,58,PARK RIDGE,2 bed rooms+hall,989.0,125000.0,150000.0,-17.0,Person,New
2026-12-02,58,Socio,2 bed rooms+hall,739.0,120000.0,115000.0,4.0,Person,New
2026-12-02,58,Park Heights I,1bed room+Hall,657.0,98000.0,89000.0,10.0,Person,New
2026-12-02,58,Park Heights I,1bed room+Hall,646.0,90000.0,89000.0,1.0,Authority,Renew
2026-12-02,58,Socio,1bed room+Hall,473.0,90000.0,81666.0,10.0,Person,Renew
2026-12-02,58,ACACIA AT PARK HEIGHTS,1bed room+Hall,1016.0,84000.0,120000.0,-30.0,Person,Renew
2026-12-02,58,PARK RIDGE,1bed room+Hall,647.0,84000.0,95000.0,-12.0,Authority,Renew
2026-12-03,59,Golf Place,4 bed rooms+hall,7104.0,1450000.0,1200000.0,21.0,Authority,New
2026-12-03,59,Maple III,5 bed rooms+hall,3504.0,547500.0,,,Person,New
2026-12-03,59,Sidra 2,3 bed rooms+hall,4367.0,355000.0,370000.0,-4.0,Authority,Renew
2026-12-03,59,MAPLE,4 bed rooms+hall,3486.0,285000.0,260000.0,10.0,Authority,New
2026-12-03,59,MAG EYE Phase 1,3 bed rooms+hall,1473.0,200000.0,190000.0,5.0,Authority,New
2026-12-03,59,Park Heights I,1bed room+Hall,646.0,110000.0,89000.0,24.0,Authority,New
2026-12-03,59,Park Field,1bed room+Hall,647.0,110000.0,110000.0,0.0,Authority,New
2026-12-03,59,Dubai Hills Estate,1bed room+Hall,965.0,100000.0,,,Person,New
2026-12-03,59,PARK HEIGHTS II,1bed room+Hall,645.0,92000.0,87500.0,5.0,Authority,New
2026-12-03,59,MAG EYE Phase 1,1bed room+Hall,803.0,85000.0,80000.0,6.0,Authority,New
2026-12-03,59,ACACIA AT PARK HEIGHTS,1bed room+Hall,904.0,79695.0,120000.0,-34.0,Person,Renew
2026-12-03,59,Golf ville,1bed room+Hall,507.0,75000.0,75000.0,0.0,Person,Renew
2026-12-03,59,MAG EYE Phase 1,Studio,415.0,70000.0,55000.0,27.0,Person,New
2026-12-04,60,Club Villas at Dubai Hills,4 bed rooms+hall,3449.0,650000.0,524000.0,24.0,Person,New
2026-12-04,60,MULBERRY at PARK HEIGHTS,3 bed rooms+hall,1966.0,450000.0,285000.0,58.0,Authority,New
2026-12-04,60,Sidra 2,4 bed rooms+hall,4822.0,381150.0,460000.0,-17.0,Person,New
2026-12-04,60,Sidra 2,3 bed rooms+hall,4506.0,355000.0,370000.0,-4.0,Authority,New
2026-12-04,60,ELLINGTON HOUSE,2 bed rooms+hall,1368.0,300000.0,273000.0,10.0,Person,New
2026-12-04,60,Maple III,3 bed rooms+hall,2096.0,250000.0,230000.0,9.0,Person,Renew
2026-12-04,60,ACACIA AT PARK HEIGHTS,2 bed rooms+hall,1853.0,240000.0,190000.0,26.0,Person,New
2026-12-04,60,Maple III,3 bed rooms+hall,2182.0,240000.0,230000.0,4.0,Authority,New
2026-12-04,60,MAG EYE Phase 1,3 bed rooms+hall,1460.0,195000.0,190000.0,3.0,Person,New
2026-12-04,60,MAG EYE Phase 1,3 bed rooms+hall,1474.0,190000.0,190000.0,0.0,Authority,New
2026-12-04,60,Dubai Hills Estate,1bed room+Hall,860.0,155000.0,,,Person,New
2026-12-04,60,Collective 2.0,2 bed rooms+hall,756.0,120000.0,112500.0,7.0,Person,New
2026-12-04,60,Park Field,1bed room+Hall,645.0,120000.0,110000.0,9.0,Authority,New
2026-12-04,60,Collective 2.0,2 bed rooms+hall,725.0,115000.0,112500.0,2.0,Person,New
2026-12-04,60,Park Field,1bed room+Hall,647.0,110000.0,110000.0,0.0,Authority,New
2026-12-04,60,Golf ville,2 bed rooms+hall,754.0,94500.0,105000.0,-10.0,Person,Renew
2026-12-04,60,PARK HEIGHTS II,2 bed rooms+hall,959.0,92400.0,124000.0,-25.0,Person,Renew
2026-12-04,60,PARK RIDGE,1bed room+Hall,654.0,91500.0,95000.0,-4.0,Authority,Renew
2026-12-04,60,Collective 2.0,1bed room+Hall,496.0,90000.0,80000.0,13.0,Authority,New
2026-12-04,60,ACACIA AT PARK HEIGHTS,1bed room+Hall,921.0,88200.0,120000.0,-27.0,Person,Renew
2026-12-04,60,Golf ville,1bed room+Hall,507.0,85000.0,75000.0,13.0,Person,New
2026-12-04,60,MAG EYE Phase 1,1bed room+Hall,753.0,75000.0,80000.0,-6.0,Person,Renew
2026-12-04,60,PARK RIDGE,1bed room+Hall,669.0,72675.75,95000.0,-23.0,Authority,Renew
2026-12-04,60,PARK RIDGE,1bed room+Hall,648.0,68000.0,95000.0,-28.0,,Renew
2026-12-04,60,MAG EYE Phase 1,Studio,416.0,62000.0,55000.0,13.0,Authority,New
2026-12-04,60,MAG EYE Phase 1,Studio,397.0,60000.0,55000.0,9.0,Authority,New
2026-12-04,60,MAG EYE Phase 1,Studio,397.0,55000.0,55000.0,0.0,Authority,Renew
2026-12-04,60,MAG EYE Phase 1,Studio,394.0,55000.0,55000.0,0.0,Authority,Renew
2026-12-05,61,Sidra 3,3 bed rooms+hall,4640.0,380000.0,372500.0,2.0,Authority,Renew
2026-12-05,61,Dubai Hills Estate,2 bed rooms+hall,1314.0,245000.0,,,Person,New
2026-12-05,61,MULBERRY at PARK HEIGHTS,2 bed rooms+hall,1297.0,195000.0,178508.715,9.0,Person,New
2026-12-05,61,Prive Residence,2 bed rooms+hall,975.0,190000.0,135000.0,41.0,Authority,New
2026-12-05,61,MULBERRY at PARK HEIGHTS,2 bed rooms+hall,1363.0,185000.0,178508.715,4.0,Person,New
2026-12-05,61,PARK RIDGE,2 bed rooms+hall,987.0,148000.0,150000.0,-1.0,Person,New
2026-12-05,61,Collective 2.0,2 bed rooms+hall,722.0,135000.0,112500.0,20.0,Authority,New
2026-12-05,61,Socio,1bed room+Hall,485.0,96000.0,81666.0,18.0,Authority,New
2026-12-05,61,Golf ville,2 bed rooms+hall,768.0,93500.0,105000.0,-11.0,Authority,Renew
2026-12-05,61,Golf ville,1bed room+Hall,496.0,90000.0,75000.0,20.0,Authority,New
2026-12-05,61,ACACIA AT PARK HEIGHTS,1bed room+Hall,1064.0,78540.0,120000.0,-35.0,Person,Renew
2026-12-05,61,Dubai Hills Estate,Studio,455.0,75000.0,,,Person,New
2026-12-05,61,MAG EYE Phase 1,Studio,410.0,56000.0,55000.0,2.0,Authority,New
2026-12-05,61,MAG EYE Phase 1,Studio,394.0,55000.0,55000.0,0.0,Authority,New
2026-12-06,62,SIDRA,5 bed rooms+hall,6078.0,550000.0,622500.0,-12.0,Authority,Renew
2026-12-06,62,ACACIA AT PARK HEIGHTS,3 bed rooms+hall,1967.0,315000.0,275000.0,15.0,Person,New
2026-12-06,62,MAPLE 2,3 bed rooms+hall,2083.0,230000.0,220000.0,5.0,Authority,Renew
2026-12-06,62,PARK RIDGE,3 bed rooms+hall,2799.0,220000.0,240000.0,-8.0,Authority,Renew
2026-12-06,62,PARK RIDGE,2 bed rooms+hall,990.0,153700.0,150000.0,2.0,Authority,Renew
2026-12-06,62,ACACIA AT PARK HEIGHTS,2 bed rooms+hall,1817.0,152250.0,190000.0,-20.0,Person,Renew
2026-12-06,62,PARK RIDGE,1bed room+Hall,641.0,135000.0,95000.0,42.0,Authority,New
2026-12-06,62,ACACIA AT PARK HEIGHTS,1bed room+Hall,720.0,120000.0,120000.0,0.0,Authority,Renew
2026-12-06,62,MULBERRY at PARK HEIGHTS,1bed room+Hall,912.0,103000.0,120000.0,-14.0,Authority,Renew
2026-12-06,62,Collective,1bed room+Hall,488.0,100000.0,78000.0,28.0,Person,New
2026-12-06,62,MAG EYE Phase 1,1bed room+Hall,797.0,95000.0,80000.0,19.0,Person,New
2026-12-06,62,ACACIA AT PARK HEIGHTS,1bed room+Hall,989.0,81000.0,120000.0,-33.0,Person,Renew
2026-12-07,63,Sidra 2,3 bed rooms+hall,4641.0,800000.0,370000.0,116.0,Person,Renew
2026-12-07,63,MAPLE,5 bed rooms+hall,3064.0,340000.0,297500.0,14.0,Authority,New
2026-12-07,63,MAPLE,4 bed rooms+hall,2175.0,290000.0,260000.0,12.0,Authority,Renew
2026-12-07,63,MAPLE,3 bed rooms+hall,2094.0,255000.0,244565.22,4.0,,Renew
2026-12-07,63,MAG EYE Phase 1,3 bed rooms+hall,1460.0,197500.0,190000.0,4.0,Authority,New
2026-12-07,63,Park Heights I,2 bed rooms+hall,957.0,175000.0,125000.0,40.0,Authority,New
2026-12-07,63,THE GROVE BY IMAN,1bed room+Hall,780.0,155000.0,,,Person,New
2026-12-07,63,ACACIA AT PARK HEIGHTS,2 bed rooms+hall,1768.0,155000.0,190000.0,-18.0,Person,Renew
2026-12-07,63,Park Point,2 bed rooms+hall,931.0,128625.0,140000.0,-8.0,Person,Renew
2026-12-07,63,MAG EYE Phase 1,Studio,410.0,57000.0,55000.0,4.0,Person,Renew
2026-12-07,63,MAG EYE Phase 1,Studio,414.0,57000.0,55000.0,4.0,Authority,New
2026-12-08,64,Sidra 2,3 bed rooms+hall,4641.0,797855.23,370000.0,116.0,Person,New
2026-12-08,64,Sidra 2,4 bed rooms+hall,6138.0,450000.0,460000.0,-2.0,Authority,New
2026-12-08,64,Maple III,4 bed rooms+hall,2907.0,270000.0,275000.0,-2.0,Person,Renew
2026-12-08,64,PARK HEIGHTS II,2 bed rooms+hall,959.0,145000.0,124000.0,17.0,Person,Renew
2026-12-08,64,Collective,2 bed rooms+hall,722.0,115000.0,101134.76999999999,14.0,Person,Renew
2026-12-08,64,PARK RIDGE,1bed room+Hall,652.0,110000.0,95000.0,16.0,Authority,New
2026-12-08,64,PARK HEIGHTS II,1bed room+Hall,658.0,110000.0,87500.0,26.0,Authority,New
2026-12-08,64,Park Point,1bed room+Hall,691.0,100000.0,92000.0,9.0,Person,New
2026-12-08,64,MAG EYE Phase 1,1bed room+Hall,803.0,85000.0,80000.0,6.0,Authority,New
2026-12-08,64,MAG EYE Phase 1,Studio,397.0,60000.0,55000.0,9.0,Person,New
2026-12-09,65,Emerald Hills at Dubai Hills,8 bed rooms+hall,12644.0,2300000.0,,,,Renew
2026-12-09,65,Golf Place ll,4 bed rooms+hall,7464.0,1200000.0,1175000.0,2.0,Person,New
2026-12-09,65,SIDRA,4 bed rooms+hall,4905.0,450000.0,430000.0,5.0,Authority,Renew
2026-12-09,65,Sidra 2,3 bed rooms+hall,4384.0,360000.0,370000.0,-3.0,Authority,Renew
2026-12-09,65,MAPLE 2,4 bed rooms+hall,3512.0,300000.0,265000.0,13.0,Person,New
2026-12-09,65,MAPLE,4 bed rooms+hall,2170.0,280000.0,260000.0,8.0,Authority,New
2026-12-09,65,MAPLE,4 bed rooms+hall,2173.0,240000.0,260000.0,-8.0,Person,New
2026-12-09,65,Maple III,4 bed rooms+hall,3102.0,228218.0,275000.0,-17.0,Person,Renew
2026-12-09,65,PARK RIDGE,2 bed rooms+hall,989.0,190200.0,150000.0,27.0,Authority,New
2026-12-09,65,MAPLE,3 bed rooms+hall,2093.0,176000.0,244565.22,-28.0,Person,Renew
2026-12-09,65,MAG EYE Phase 1,2 bed rooms+hall,1410.0,175000.0,160000.0,9.0,Person,New
2026-12-09,65,Park Horizon,2 bed rooms+hall,991.0,170000.0,149000.0,14.0,Authority,New
2026-12-09,65,ELLINGTON HOUSE,1bed room+Hall,890.0,165000.0,152500.0,8.0,Person,New
2026-12-09,65,MAG EYE Phase 1,2 bed rooms+hall,1187.0,165000.0,160000.0,3.0,Person,New
2026-12-09,65,ELLINGTON HOUSE,1bed room+Hall,843.0,160000.0,152500.0,5.0,Person,New
2026-12-09,65,PARK RIDGE,2 bed rooms+hall,996.0,155000.0,150000.0,3.0,Authority,Renew
2026-12-09,65,Park Point,2 bed rooms+hall,1015.0,150000.0,140000.0,7.0,Person,New
2026-12-09,65,ACACIA AT PARK HEIGHTS,2 bed rooms+hall,1674.0,146800.0,190000.0,-23.0,Person,Renew
2026-12-09,65,PARK HEIGHTS II,2 bed rooms+hall,1089.0,132000.0,124000.0,6.0,Authority,Renew
2026-12-09,65,Dubai Hills Estate,1bed room+Hall,777.0,113000.0,,,Authority,New
2026-12-09,65,PARK RIDGE,1bed room+Hall,655.0,103000.0,95000.0,8.0,Authority,New
2026-12-09,65,PARK RIDGE,1bed room+Hall,651.0,100000.0,95000.0,5.0,Authority,Renew
2026-12-09,65,ACACIA AT PARK HEIGHTS,1bed room+Hall,1257.0,94400.0,120000.0,-21.0,Person,Renew
2026-12-09,65,MAG EYE Phase 1,1bed room+Hall,753.0,90000.0,80000.0,13.0,Authority,New
2026-12-09,65,Golf ville,1bed room+Hall,496.0,82000.0,75000.0,9.0,,New
2026-12-09,65,ACACIA AT PARK HEIGHTS,1bed room+Hall,972.0,78100.0,120000.0,-35.0,Person,Renew
2026-12-09,65,MAG EYE Phase 1,Studio,394.0,59000.0,55000.0,7.0,Person,New
2026-12-09,65,MAG EYE Phase 1,Studio,388.0,55000.0,55000.0,0.0,Person,New
2026-12-10,66,Sidra 2,4 bed rooms+hall,4658.0,560384.62,460000.0,22.0,Person,New
2026-12-10,66,MAPLE,4 bed rooms+hall,2172.0,290000.0,260000.0,12.0,Person,New
2026-12-10,66,MULBERRY at PARK HEIGHTS,2 bed rooms+hall,1362.0,205000.0,178508.715,15.0,Authority,New
2026-12-10,66,PARK RIDGE,2 bed rooms+hall,1001.0,195000.0,150000.0,30.0,Authority,Renew
2026-12-10,66,ACACIA AT PARK HEIGHTS,2 bed rooms+hall,1529.0,139600.0,190000.0,-27.0,Person,Renew
2026-12-10,66,ACACIA AT PARK HEIGHTS,2 bed rooms+hall,1525.0,132000.0,190000.0,-31.0,Person,Renew
2026-12-10,66,ACACIA AT PARK HEIGHTS,2 bed rooms+hall,1361.0,125895.0,190000.0,-34.0,Person,Renew
2026-12-10,66,Collective,1bed room+Hall,488.0,90000.0,78000.0,15.0,Person,New
2026-12-10,66,Collective,1bed room+Hall,474.0,88000.0,78000.0,13.0,Person,Renew
2026-12-10,66,ACACIA AT PARK HEIGHTS,1bed room+Hall,1063.0,84500.0,120000.0,-30.0,Person,Renew
2026-12-11,67,The Parkway at Dubai Hills,5 bed rooms+hall,13306.0,4250000.0,,,Person,New
2026-12-11,67,Sidra 2,4 bed rooms+hall,4750.0,960000.0,460000.0,109.0,Authority,New
2026-12-11,67,MAPLE 2,Shop,1406.0,819118.0,593066.67,38.0,Authority,New
2026-12-11,67,MAPLE 2,Shop,1386.0,819118.0,593066.67,38.0,Authority,New
2026-12-11,67,MAPLE 2,Shop,1381.0,442276.67,593066.67,-25.0,Authority,New
2026-12-11,67,Dubai Hills Estate,2 bed rooms+hall,1374.0,245000.0,,,Person,New
2026-12-11,67,MULBERRY at PARK HEIGHTS,2 bed rooms+hall,1564.0,245000.0,178508.715,37.0,Authority,New
2026-12-11,67,MAPLE 2,3 bed rooms+hall,2154.0,240000.0,220000.0,9.0,Authority,Renew
2026-12-11,67,MULBERRY at PARK HEIGHTS,2 bed rooms+hall,1308.0,195000.0,178508.715,9.0,Person,Renew
2026-12-11,67,MULBERRY at PARK HEIGHTS,2 bed rooms+hall,1310.0,180000.0,178508.715,1.0,Person,Renew
2026-12-11,67,ACACIA AT PARK HEIGHTS,1bed room+Hall,952.0,128000.0,120000.0,7.0,Person,New
2026-12-11,67,Collective,2 bed rooms+hall,746.0,120000.0,101134.76999999999,19.0,Person,New
2026-12-11,67,ACACIA AT PARK HEIGHTS,1bed room+Hall,1078.0,85124.0,120000.0,-29.0,Person,Renew
2026-12-11,67,MAG EYE Phase 1,Studio,411.0,78000.0,55000.0,42.0,Authority,New
2026-12-11,67,THE GROVE BY IMAN,Studio,483.0,66000.0,75000.0,-12.0,Person,New
2026-12-12,68,SIDRA,4 bed rooms+hall,4783.0,404250.0,430000.0,-6.0,Authority,Renew
2026-12-12,68,MULBERRY at PARK HEIGHTS,3 bed rooms+hall,1959.0,370000.0,285000.0,30.0,Authority,Renew
2026-12-12,68,MULBERRY at PARK HEIGHTS,3 bed rooms+hall,1951.0,330000.0,285000.0,16.0,Authority,Renew
2026-12-12,68,Maple III,4 bed rooms+hall,2264.0,300000.0,275000.0,9.0,Authority,New
2026-12-12,68,MAPLE,3 bed rooms+hall,2171.0,288000.0,244565.22,18.0,Person,Renew
2026-12-12,68,MAG EYE Phase 1,3 bed rooms+hall,1460.0,200000.0,190000.0,5.0,Person,Renew
2026-12-12,68,PARK HEIGHTS II,2 bed rooms+hall,959.0,135000.0,124000.0,9.0,Person,New
2026-12-12,68,Golf Suites - Dubai Hills,1bed room+Hall,626.0,115000.0,100000.0,15.0,Authority,Renew
2026-12-12,68,ACACIA AT PARK HEIGHTS,1bed room+Hall,1447.0,110000.0,120000.0,-8.0,Person,Renew
2026-12-12,68,Golf Suites - Dubai Hills,Shop,703.0,108582.91,,,Authority,New
2026-12-12,68,Prive Residence,1bed room+Hall,712.0,85000.0,98000.0,-13.0,Authority,Renew
2026-12-12,68,Collective,1bed room+Hall,491.0,85000.0,78000.0,9.0,Person,New
2026-12-12,68,Collective 2.0,1bed room+Hall,479.0,80000.0,80000.0,0.0,Person,New
2026-12-13,69,MAPLE 2,Shop,1926.0,691580.1,593066.67,17.0,Authority,New
2026-12-13,69,MAPLE 2,Shop,1926.0,680355.67,593066.67,15.0,Authority,New
2026-12-13,69,Sidra 3,4 bed rooms+hall,6316.0,475000.0,450000.0,6.0,,Renew
2026-12-13,69,Sidra 3,3 bed rooms+hall,5742.0,385000.0,372500.0,3.0,Authority,Renew
2026-12-13,69,MAPLE 2,5 bed rooms+hall,3258.0,370000.0,295000.0,25.0,Person,Renew
2026-12-13,69,Park Field,2 bed rooms+hall,1010.0,190000.0,160000.0,19.0,Authority,New
2026-12-13,69,PARK HEIGHTS II,2 bed rooms+hall,1091.0,158000.0,124000.0,27.0,Authority,New
2026-12-13,69,ACACIA AT PARK HEIGHTS,2 bed rooms+hall,1529.0,150100.0,190000.0,-21.0,Person,Renew
2026-12-13,69,MULBERRY at PARK HEIGHTS,1bed room+Hall,915.0,130000.0,120000.0,8.0,Authority,Renew
2026-12-13,69,Collective,2 bed rooms+hall,729.0,130000.0,101134.76999999999,29.0,Authority,New
2026-12-13,69,Park Field,1bed room+Hall,645.0,130000.0,110000.0,18.0,Authority,New
2026-12-13,69,PARK RIDGE,1bed room+Hall,647.0,110000.0,95000.0,16.0,Authority,Renew
2026-12-13,69,Collective 2.0,2 bed rooms+hall,743.0,106000.0,112500.0,-6.0,Person,Renew
2026-12-13,69,PARK HEIGHTS II,1bed room+Hall,645.0,67550.56,87500.0,-23.0,Person,Renew
2026-12-13,69,MAG EYE Phase 1,Studio,391.0,65000.0,55000.0,18.0,Authority,New
2026-12-13,69,MAG EYE Phase 1,Studio,391.0,57000.0,55000.0,4.0,Authority,New
2026-12-14,70,ELLINGTON HOUSE,3 bed rooms+hall,2194.0,485000.0,430000.0,13.0,Authority,New
2026-12-14,70,Sidra 2,4 bed rooms+hall,4643.0,475000.0,460000.0,3.0,Authority,New
2026-12-14,70,Dubai Hills Estate,Office,3201.0,434695.8,,,Authority,New
2026-12-14,70,SIDRA,3 bed rooms+hall,4440.0,380000.0,400000.0,-5.0,Person,Renew
2026-12-14,70,MAG EYE Phase 1,4 bed rooms+hall,4552.0,365000.0,300000.0,22.0,Person,New
2026-12-14,70,MAPLE 2,4 bed rooms+hall,3641.0,350000.0,265000.0,32.0,Person,Renew
2026-12-14,70,Dubai Hills Estate,2 bed rooms+hall,1684.0,297500.0,,,Person,New
2026-12-14,70,Park Field,3 bed rooms+hall,1361.0,290000.0,225000.0,29.0,Authority,New
2026-12-14,70,ELLINGTON HOUSE,2 bed rooms+hall,1302.0,265000.0,273000.0,-3.0,Authority,New
2026-12-14,70,MAG EYE Phase 1,3 bed rooms+hall,1460.0,230000.0,190000.0,21.0,Authority,New
2026-12-14,70,Park Field,2 bed rooms+hall,1474.0,210000.0,160000.0,31.0,Person,New
2026-12-14,70,PARK RIDGE,2 bed rooms+hall,1005.0,200000.0,150000.0,33.0,Authority,New
2026-12-14,70,MAG EYE Phase 1,3 bed rooms+hall,1460.0,190000.0,190000.0,0.0,Person,New
2026-12-14,70,Park Field,2 bed rooms+hall,993.0,180000.0,160000.0,13.0,Authority,New
2026-12-14,70,Park Field,2 bed rooms+hall,1050.0,180000.0,160000.0,13.0,Authority,New
2026-12-14,70,MAG EYE Phase 1,2 bed rooms+hall,1187.0,175000.0,160000.0,9.0,Person,New
2026-12-14,70,MAG EYE Phase 1,2 bed rooms+hall,1411.0,173000.0,160000.0,8.0,Authority,Renew
2026-12-14,70,Dubai Hills Estate,1bed room+Hall,865.0,155000.0,,,Person,New
2026-12-14,70,MULBERRY at PARK HEIGHTS,2 bed rooms+hall,1307.0,150000.0,178508.715,-16.0,Person,Renew
2026-12-14,70,Dubai Hills Estate,1bed room+Hall,859.0,150000.0,,,Person,New
2026-12-14,70,Park Heights I,2 bed rooms+hall,1088.0,142000.0,125000.0,14.0,Authority,Renew
2026-12-14,70,Socio,2 bed rooms+hall,741.0,130000.0,115000.0,13.0,Authority,New
2026-12-14,70,PARK RIDGE,1bed room+Hall,653.0,120000.0,95000.0,26.0,Authority,New
2026-12-14,70,Park Field,1bed room+Hall,648.0,118000.0,110000.0,7.0,Person,New
2026-12-14,70,Golf Suites - Dubai Hills,1bed room+Hall,785.0,115000.0,100000.0,15.0,Person,New
2026-12-14,70,Prive Residence,1bed room+Hall,659.0,110000.0,98000.0,12.0,Authority,New
2026-12-14,70,PARK HEIGHTS II,1bed room+Hall,645.0,105000.0,87500.0,20.0,,Renew
2026-12-14,70,PARK RIDGE,1bed room+Hall,654.0,95000.0,95000.0,0.0,Authority,Renew
2026-12-14,70,Socio,1bed room+Hall,475.0,95000.0,81666.0,16.0,Authority,New
2026-12-14,70,ACACIA AT PARK HEIGHTS,1bed room+Hall,923.0,94000.0,120000.0,-22.0,Person,Renew
2026-12-14,70,ACACIA AT PARK HEIGHTS,1bed room+Hall,947.0,87318.0,120000.0,-27.0,,Renew
2026-12-14,70,ACACIA AT PARK HEIGHTS,1bed room+Hall,910.0,87000.0,120000.0,-28.0,Person,Renew
2026-12-14,70,Park Heights I,1bed room+Hall,649.0,86000.0,89000.0,-3.0,Person,New
2026-12-14,70,MAG EYE Phase 1,1bed room+Hall,805.0,84000.0,80000.0,5.0,Person,Renew
2026-12-14,70,ACACIA AT PARK HEIGHTS,1bed room+Hall,936.0,81500.0,120000.0,-32.0,Person,Renew
2026-12-14,70,Park Heights I,1bed room+Hall,646.0,79148.94,89000.0,-11.0,Person,Renew
2026-12-14,70,MAG EYE Phase 1,Studio,471.0,53000.0,55000.0,-4.0,Authority,New
2026-12-15,71,MAPLE,5 bed rooms+hall,2988.0,384000.0,297500.0,29.0,Authority,Renew
2026-12-15,71,Dubai Hills Estate,2 bed rooms+hall,1684.0,295000.0,,,Person,New
2026-12-15,71,Maple III,4 bed rooms+hall,3044.0,290000.0,275000.0,5.0,Person,Renew
2026-12-15,71,Dubai Hills Estate,1bed room+Hall,865.0,155000.0,,,Person,New
2026-12-15,71,ACACIA AT PARK HEIGHTS,1bed room+Hall,934.0,115000.0,120000.0,-4.0,Person,Renew
2026-12-15,71,ACACIA AT PARK HEIGHTS,1bed room+Hall,947.0,115000.0,120000.0,-4.0,Person,Renew
2026-12-15,71,Park Heights I,1bed room+Hall,646.0,105000.0,89000.0,18.0,Authority,Renew
2026-12-15,71,Collective 2.0,2 bed rooms+hall,731.0,105000.0,112500.0,-7.0,Authority,New
2026-12-15,71,Collective,2 bed rooms+hall,746.0,105000.0,101134.76999999999,4.0,Person,Renew
2026-12-15,71,PARK HEIGHTS II,1bed room+Hall,648.0,95000.0,87500.0,9.0,Person,Renew
2026-12-15,71,Park Heights I,1bed room+Hall,646.0,88000.0,89000.0,-1.0,Person,Renew
2026-12-15,71,ACACIA AT PARK HEIGHTS,1bed room+Hall,921.0,86000.0,120000.0,-28.0,Person,Renew
2026-12-15,71,MAG EYE Phase 1,Studio,413.0,53855.23,55000.0,-2.0,Authority,New
2026-12-16,72,MAPLE,5 bed rooms+hall,3002.0,350000.0,297500.0,18.0,Authority,Renew
2026-12-16,72,MAPLE 2,5 bed rooms+hall,3481.0,320000.0,295000.0,8.0,Authority,New
2026-12-16,72,Sidra 2,3 bed rooms+hall,4397.0,318857.14,370000.0,-14.0,Person,Renew
2026-12-16,72,Park Field,2 bed rooms+hall,1831.0,230000.0,160000.0,44.0,Authority,New
2026-12-16,72,MULBERRY at PARK HEIGHTS,2 bed rooms+hall,1309.0,150000.0,178508.715,-16.0,Person,Renew
2026-12-16,72,Collective,2 bed rooms+hall,725.0,135000.0,101134.76999999999,33.0,Authority,New
2026-12-16,72,Park Point,1bed room+Hall,693.0,125000.0,92000.0,36.0,Authority,New
2026-12-16,72,Collective,1bed room+Hall,474.0,100000.0,78000.0,28.0,Authority,New
2026-12-16,72,Golf ville,1bed room+Hall,507.0,90000.0,75000.0,20.0,Authority,New
2026-12-16,72,Golf ville,1bed room+Hall,507.0,75000.0,75000.0,0.0,Person,New
2026-12-16,72,MAG EYE Phase 1,Studio,413.0,52000.0,55000.0,-5.0,Authority,New
2026-12-17,73,MAPLE 2,Shop,2126.0,833832.68,593066.67,41.0,Authority,New
2026-12-17,73,Maple III,4 bed rooms+hall,3046.0,300000.0,275000.0,9.0,Authority,New
2026-12-17,73,MAPLE,4 bed rooms+hall,3056.0,300000.0,260000.0,15.0,Person,New
2026-12-17,73,MAPLE,4 bed rooms+hall,3119.0,300000.0,260000.0,15.0,Authority,Renew
2026-12-17,73,Maple III,4 bed rooms+hall,3109.0,262500.0,275000.0,-5.0,Person,New
2026-12-17,73,MAPLE 2,3 bed rooms+hall,2133.0,240000.0,220000.0,9.0,Authority,New
2026-12-17,73,PARK RIDGE,2 bed rooms+hall,1288.0,200000.0,150000.0,33.0,Authority,Renew
2026-12-17,73,PARK RIDGE,2 bed rooms+hall,996.0,165000.0,150000.0,10.0,Authority,Renew
2026-12-17,73,ACACIA AT PARK HEIGHTS,2 bed rooms+hall,1567.0,150000.0,190000.0,-21.0,Authority,New
2026-12-17,73,ACACIA AT PARK HEIGHTS,1bed room+Hall,899.0,135000.0,120000.0,13.0,Authority,New
2026-12-17,73,PARK RIDGE,1bed room+Hall,899.0,108000.0,95000.0,14.0,Person,New
2026-12-17,73,ACACIA AT PARK HEIGHTS,1bed room+Hall,726.0,98000.0,120000.0,-18.0,Authority,Renew
2026-12-17,73,PARK RIDGE,1bed room+Hall,654.0,90000.0,95000.0,-5.0,Person,Renew
2026-12-17,73,MAPLE 2,3 bed rooms+hall,2157.0,80000.0,220000.0,-64.0,Person,Renew
2026-12-17,73,Collective,1bed room+Hall,491.0,75000.0,78000.0,-4.0,Authority,New
2026-12-17,73,MAG EYE Phase 1,Studio,411.0,58000.0,55000.0,5.0,Authority,Renew
2026-12-18,74,MAPLE,3 bed rooms+hall,2070.0,270000.0,244565.22,10.0,Authority,New
2026-12-18,74,MAPLE 2,3 bed rooms+hall,2100.0,260000.0,220000.0,18.0,,Renew
2026-12-18,74,MAG EYE Phase 1,2 bed rooms+hall,1268.0,146000.0,160000.0,-9.0,Authority,New
2026-12-18,74,ACACIA AT PARK HEIGHTS,1bed room+Hall,1042.0,135000.0,120000.0,13.0,Authority,New
2026-12-18,74,Park Horizon,1bed room+Hall,659.0,110000.0,95000.0,16.0,Authority,New
2026-12-18,74,Collective 2.0,1bed room+Hall,488.0,84000.0,80000.0,5.0,Person,Renew
2026-12-18,74,MAG EYE Phase 1,Studio,414.0,54000.0,55000.0,-2.0,Authority,New
2026-12-18,74,MAG EYE Phase 1,Studio,391.0,50016.89,55000.0,-9.0,Person,New
2026-12-19,75,The Fairway at Dubai Hills,6 bed rooms+hall,14519.0,1900000.0,1600000.0,19.0,Authority,New
2026-12-19,75,Golf Place ll,5 bed rooms+hall,7187.0,1700000.0,1150000.0,48.0,Authority,New
2026-12-19,75,Palm Hills,5 bed rooms+hall,7104.0,1350000.0,1200000.0,13.0,Authority,New
2026-12-19,75,Sidra 3,4 bed rooms+hall,4910.0,450000.0,450000.0,0.0,Authority,Renew
2026-12-19,75,Sidra 2,3 bed rooms+hall,4525.0,420000.0,370000.0,14.0,Authority,New
2026-12-19,75,MAG EYE Phase 1,4 bed rooms+hall,3920.0,395000.0,300000.0,32.0,Authority,New
2026-12-19,75,Dubai Hills Estate,3 bed rooms+hall,2037.0,390000.0,,,Person,New
2026-12-19,75,MAPLE,5 bed rooms+hall,3311.0,320000.0,297500.0,8.0,Authority,New
2026-12-19,75,MAPLE,4 bed rooms+hall,3127.0,315000.0,260000.0,21.0,Authority,New
2026-12-19,75,Dubai Hills Estate,2 bed rooms+hall,1684.0,295000.0,,,Person,New
2026-12-19,75,MAG EYE Phase 1,3 bed rooms+hall,1460.0,230000.0,190000.0,21.0,Authority,New
2026-12-19,75,Park Point,2 bed rooms+hall,1378.0,220000.0,140000.0,57.0,Authority,New
2026-12-19,75,MAG EYE Phase 1,3 bed rooms+hall,1482.0,200000.0,190000.0,5.0,Authority,New
2026-12-19,75,MAG EYE Phase 1,3 bed rooms+hall,1476.0,190000.0,190000.0,0.0,Authority,New
2026-12-19,75,ACACIA AT PARK HEIGHTS,3 bed rooms+hall,1723.0,189600.0,275000.0,-31.0,,New
2026-12-19,75,Park Field,2 bed rooms+hall,986.0,188000.0,160000.0,18.0,Authority,New
2026-12-19,75,PARK RIDGE,2 bed rooms+hall,1004.0,180000.0,150000.0,20.0,Authority,Renew
2026-12-19,75,Park Point,2 bed rooms+hall,1022.0,173000.0,140000.0,24.0,Person,New
2026-12-19,75,MAG EYE Phase 1,2 bed rooms+hall,1203.0,170000.0,160000.0,6.0,Person,New
2026-12-19,75,Dubai Hills Estate,1bed room+Hall,860.0,150000.0,,,Person,New
2026-12-19,75,PARK HEIGHTS II,2 bed rooms+hall,1076.0,145000.0,124000.0,17.0,Authority,Renew
2026-12-19,75,MULBERRY at PARK HEIGHTS,1bed room+Hall,916.0,135000.0,120000.0,13.0,Authority,Renew
2026-12-19,75,ACACIA AT PARK HEIGHTS,2 bed rooms+hall,1557.0,130600.0,190000.0,-31.0,Person,Renew
2026-12-19,75,Park Field,1bed room+Hall,647.0,130000.0,110000.0,18.0,Person,New
2026-12-19,75,Collective 2.0,2 bed rooms+hall,731.0,110250.0,112500.0,-2.0,Authority,Renew
2026-12-19,75,PARK RIDGE,1bed room+Hall,653.0,110000.0,95000.0,16.0,Person,New
2026-12-19,75,Collective,1bed room+Hall,474.0,100000.0,78000.0,28.0,Authority,New
2026-12-19,75,Park Point,2 bed rooms+hall,1014.0,92000.0,140000.0,-34.0,Authority,Renew
2026-12-19,75,MAG EYE Phase 1,1bed room+Hall,796.0,86000.0,80000.0,8.0,Authority,New
2026-12-19,75,ACACIA AT PARK HEIGHTS,1bed room+Hall,855.0,83000.0,120000.0,-31.0,Person,Renew
2026-12-19,75,MAG EYE Phase 1,Studio,414.0,60000.0,55000.0,9.0,Authority,New
2026-12-19,75,MAG EYE Phase 1,Studio,414.0,54600.0,55000.0,-1.0,Person,Renew
2026-12-19,75,MAG EYE Phase 1,Studio,411.0,50000.0,55000.0,-9.0,Authority,Renew
2026-12-19,75,MAG EYE Phase 1,Studio,414.0,50000.0,55000.0,-9.0,Person,New
2026-12-20,76,ACACIA AT PARK HEIGHTS,3 bed rooms+hall,2111.0,450000.0,275000.0,64.0,Authority,New
2026-12-20,76,Dubai Hills Estate,Shop,2764.0,325611.0,,,Authority,New
2026-12-20,76,MAPLE,4 bed rooms+hall,2172.0,290000.0,260000.0,12.0,Person,Renew
2026-12-20,76,PARK RIDGE,2 bed rooms+hall,986.0,132120.0,150000.0,-12.0,Authority,New
2026-12-20,76,Collective,1bed room+Hall,486.0,95000.0,78000.0,22.0,Authority,New
2026-12-20,76,PARK RIDGE,1bed room+Hall,669.0,90000.0,95000.0,-5.0,Person,New
2026-12-20,76,Park Point,1bed room+Hall,688.0,72450.0,92000.0,-21.0,Authority,Renew
2026-12-20,76,MAG EYE Phase 1,Studio,446.0,50000.0,55000.0,-9.0,Authority,Renew
2026-12-21,77,Sidra 3,5 bed rooms+hall,5813.0,800000.0,,,Authority,New
2026-12-21,77,Maple III,3 bed rooms+hall,2097.0,231933.78,230000.0,1.0,Person,Renew
2026-12-21,77,Park Field,2 bed rooms+hall,991.0,200000.0,160000.0,25.0,Authority,New
2026-12-21,77,ELLINGTON HOUSE,1bed room+Hall,794.0,157155.08,152500.0,3.0,Authority,New
2026-12-21,77,Prive Residence,1bed room+Hall,667.0,120000.0,98000.0,22.0,Authority,New
2026-12-21,77,Park Field,1bed room+Hall,647.0,105000.0,110000.0,-5.0,Authority,New
2026-12-21,77,PARK HEIGHTS II,1bed room+Hall,645.0,95000.0,87500.0,9.0,Authority,New
2026-12-21,77,Park Point,1bed room+Hall,693.0,90000.0,92000.0,-2.0,Person,New
2026-12-21,77,Collective 2.0,1bed room+Hall,482.0,90000.0,80000.0,13.0,Authority,New
2026-12-21,77,PARK RIDGE,1bed room+Hall,658.0,88200.0,95000.0,-7.0,Authority,New
2026-12-22,78,Dubai Hills Estate,3 bed rooms+hall,2036.0,395000.0,,,Person,New
2026-12-22,78,Maple III,4 bed rooms+hall,2926.0,320000.0,275000.0,16.0,Person,Renew
2026-12-22,78,MAPLE 2,5 bed rooms+hall,3496.0,280000.0,295000.0,-5.0,Person,Renew
2026-12-22,78,ACACIA AT PARK HEIGHTS,2 bed rooms+hall,1585.0,230000.0,190000.0,21.0,Person,Renew
2026-12-22,78,ACACIA AT PARK HEIGHTS,2 bed rooms+hall,1361.0,190000.0,190000.0,0.0,Person,Renew
2026-12-22,78,MULBERRY at PARK HEIGHTS,2 bed rooms+hall,1304.0,171579.93,178508.715,-4.0,Person,Renew
2026-12-22,78,Collective,2 bed rooms+hall,746.0,103500.0,101134.76999999999,2.0,Person,Renew
2026-12-22,78,PARK RIDGE,1bed room+Hall,641.0,95000.0,95000.0,0.0,Person,New
2026-12-22,78,MAG EYE Phase 1,Studio,411.0,72000.0,55000.0,31.0,Authority,New
2026-12-23,79,MAPLE 2,Shop,1341.0,551040.0,593066.67,-7.0,Authority,New
2026-12-23,79,Collective 2.0,2 bed rooms+hall,756.0,135000.0,112500.0,20.0,Authority,Renew
2026-12-23,79,PARK RIDGE,1bed room+Hall,647.0,115000.0,95000.0,21.0,Authority,New
2026-12-23,79,Collective,2 bed rooms+hall,720.0,112000.0,101134.76999999999,11.0,Authority,Renew
2026-12-23,79,MAG EYE Phase 1,Studio,414.0,55000.0,55000.0,0.0,Authority,Renew
2026-12-24,80,SIDRA,4 bed rooms+hall,4635.0,490084.03,430000.0,14.0,Authority,Renew
2026-12-24,80,MAG EYE Phase 1,4 bed rooms+hall,3781.0,400000.0,300000.0,33.0,Person,New
2026-12-24,80,MAPLE,3 bed rooms+hall,2094.0,270000.0,244565.22,10.0,Person,Renew
2026-12-24,80,MAG EYE Phase 1,3 bed rooms+hall,1460.0,200000.0,190000.0,5.0,Authority,New
2026-12-24,80,PARK RIDGE,2 bed rooms+hall,1340.0,180000.0,150000.0,20.0,Authority,Renew
2026-12-24,80,Park Horizon,2 bed rooms+hall,1002.0,170000.0,149000.0,14.0,Person,New
2026-12-24,80,Park Field,2 bed rooms+hall,1050.0,155000.0,160000.0,-3.0,Person,New
2026-12-24,80,PARK RIDGE,2 bed rooms+hall,994.0,150000.0,150000.0,0.0,Person,Renew
2026-12-24,80,MAG EYE Phase 1,2 bed rooms+hall,1187.0,136500.0,160000.0,-15.0,Authority,Renew
2026-12-24,80,Collective,2 bed rooms+hall,725.0,121000.0,101134.76999999999,20.0,Person,Renew
2026-12-24,80,Collective 2.0,2 bed rooms+hall,732.0,118000.0,112500.0,5.0,Authority,New
2026-12-24,80,MULBERRY at PARK HEIGHTS,,1722.0,110000.0,,,,Renew
2026-12-24,80,Collective 2.0,2 bed rooms+hall,722.0,110000.0,112500.0,-2.0,Person,New
2026-12-24,80,Park Horizon,1bed room+Hall,659.0,110000.0,95000.0,16.0,Authority,New
2026-12-24,80,Park Heights I,1bed room+Hall,649.0,95000.0,89000.0,7.0,Authority,Renew
2026-12-24,80,PARK RIDGE,1bed room+Hall,661.0,93000.0,95000.0,-2.0,Authority,New
2026-12-24,80,ACACIA AT PARK HEIGHTS,1bed room+Hall,933.0,85000.0,120000.0,-29.0,Person,Renew
2026-12-24,80,PARK HEIGHTS II,1bed room+Hall,645.0,76230.0,87500.0,-13.0,Authority,Renew
2026-12-25,81,Sidra 3,3 bed rooms+hall,4402.0,328235.29,372500.0,-12.0,Authority,Renew
2026-12-25,81,Park Field,3 bed rooms+hall,1361.0,290000.0,225000.0,29.0,Authority,New
2026-12-25,81,ELLINGTON HOUSE,2 bed rooms+hall,1362.0,285000.0,273000.0,4.0,Person,New
2026-12-25,81,MAG EYE Phase 1,3 bed rooms+hall,1477.0,175000.0,190000.0,-8.0,Person,Renew
2026-12-25,81,Park Heights I,2 bed rooms+hall,1089.0,156160.43,125000.0,25.0,Person,New
2026-12-25,81,Park Heights I,2 bed rooms+hall,1076.0,147000.0,125000.0,18.0,Authority,New
2026-12-25,81,MULBERRY at PARK HEIGHTS,1bed room+Hall,915.0,125753.42,120000.0,5.0,Authority,Renew
2026-12-25,81,Park Field,1bed room+Hall,844.0,125000.0,110000.0,14.0,Authority,New
2026-12-25,81,Park Horizon,1bed room+Hall,659.0,116000.0,95000.0,22.0,Person,New
2026-12-25,81,MAG EYE Phase 1,Studio,414.0,53000.0,55000.0,-4.0,Authority,New
2026-12-26,82,Parkway Vistas,6 bed rooms+hall,11436.0,1000000.0,,,Person,Renew
2026-12-26,82,MAG EYE Phase 1,1bed room+Hall,890.0,95000.0,80000.0,19.0,Person,Renew
2026-12-26,82,PARK RIDGE,1bed room+Hall,649.0,90000.0,95000.0,-5.0,Authority,Renew
2026-12-26,82,Collective,1bed room+Hall,499.0,81000.0,78000.0,4.0,Person,New
2026-12-27,83,Club Villas at Dubai Hills,3 bed rooms+hall,3342.0,550000.0,445000.0,24.0,Person,Renew
2026-12-27,83,ACACIA AT PARK HEIGHTS,2 bed rooms+hall,1592.0,210000.0,190000.0,11.0,Person,New
2026-12-27,83,ACACIA AT PARK HEIGHTS,1bed room+Hall,935.0,115000.0,120000.0,-4.0,Person,Renew
2026-12-27,83,Park Horizon,1bed room+Hall,659.0,100000.0,95000.0,5.0,Authority,New
2026-12-27,83,MAG EYE Phase 1,Studio,388.0,62831.1,55000.0,14.0,Person,New
2026-12-27,83,MAG EYE Phase 1,Studio,411.0,50769.23,55000.0,-8.0,Person,New
2026-12-28,84,MAPLE 2,4 bed rooms+hall,3599.0,320000.0,265000.0,21.0,,New
2026-12-28,84,Lime Gardens,3 bed rooms+hall,2268.0,300000.0,225000.0,33.0,Person,New
2026-12-28,84,Dubai Hills Estate,1bed room+Hall,860.0,160000.0,,,Person,New
2026-12-28,84,Dubai Hills Estate,1bed room+Hall,860.0,155000.0,,,Person,New
2026-12-28,84,MULBERRY at PARK HEIGHTS,1bed room+Hall,915.0,140000.0,120000.0,17.0,Authority,Renew
2026-12-28,84,Collective,2 bed rooms+hall,741.0,125000.0,101134.76999999999,24.0,Person,New
2026-12-29,85,MAPLE 2,3 bed rooms+hall,2175.0,215000.0,220000.0,-2.0,Authority,Renew
2026-12-29,85,PARK RIDGE,3 bed rooms+hall,1575.0,184223.0,240000.0,-23.0,Person,Renew
2026-12-29,85,PARK HEIGHTS II,2 bed rooms+hall,957.0,150000.0,124000.0,21.0,Person,New
2026-12-29,85,Collective 2.0,2 bed rooms+hall,725.0,120000.0,112500.0,7.0,Authority,New
2026-12-29,85,MAG EYE Phase 1,1bed room+Hall,802.0,110000.0,80000.0,38.0,Person,New
2026-12-29,85,MAG EYE Phase 1,1bed room+Hall,836.0,90000.0,80000.0,13.0,Authority,Renew
2026-12-29,85,MAG EYE Phase 1,1bed room+Hall,871.0,79785.52,80000.0,-0.0,Authority,New
2026-12-30,86,PARK RIDGE,3 bed rooms+hall,2623.0,340000.0,240000.0,42.0,Person,Renew
2026-12-30,86,MAPLE 2,4 bed rooms+hall,2923.0,250000.0,265000.0,-6.0,Authority,New
2026-12-30,86,MAG EYE Phase 1,3 bed rooms+hall,1460.0,180972.97,190000.0,-5.0,Person,New
2026-12-30,86,Sidra 3,3 bed rooms+hall,5393.0,162000.0,372500.0,-57.0,Person,Renew
2026-12-30,86,Dubai Hills Estate,1bed room+Hall,866.0,155000.0,,,Person,New
2026-12-30,86,Park Field,1bed room+Hall,647.0,120000.0,110000.0,9.0,Person,New
2026-12-30,86,Collective 2.0,1bed room+Hall,474.0,83461.54,80000.0,4.0,Person,New
2026-12-30,86,MAG EYE Phase 1,Studio,415.0,60000.0,55000.0,9.0,Person,New
2026-12-30,86,MAG EYE Phase 1,Studio,394.0,55000.0,55000.0,0.0,Person,Renew
2026-12-31,87,FAIRWAY VISTAS,7 bed rooms+hall,16167.0,2200000.0,,,Person,Renew
2026-12-31,87,Golf Place ll,5 bed rooms+hall,8465.0,1100000.0,1150000.0,-4.0,Authority,New
2026-12-31,87,Sidra 2,4 bed rooms+hall,4627.0,800000.0,460000.0,74.0,Person,Renew
2026-12-31,87,Sidra 2,5 bed rooms+hall,6249.0,752248.95,635000.0,18.0,Person,Renew
2026-12-31,87,SIDRA,4 bed rooms+hall,5232.0,650000.0,430000.0,51.0,Authority,Renew
2026-12-31,87,Sidra 2,5 bed rooms+hall,6073.0,580023.06,635000.0,-9.0,Person,New
2026-12-31,87,Dubai Hills Estate,Office,4434.0,532120.8,,,Authority,Renew
2026-12-31,87,Sidra 3,4 bed rooms+hall,4987.0,520000.0,450000.0,16.0,Authority,New
2026-12-31,87,Sidra 3,4 bed rooms+hall,4698.0,500000.0,450000.0,11.0,Authority,New
2026-12-31,87,Club Villas at Dubai Hills,3 bed rooms+hall,3016.0,480000.0,445000.0,8.0,Authority,New
2026-12-31,87,Sidra 2,5 bed rooms+hall,6073.0,478403.55,635000.0,-25.0,Person,New
2026-12-31,87,SIDRA,4 bed rooms+hall,5961.0,469666.0,430000.0,9.0,Person,New
2026-12-31,87,Dubai Hills Estate,Office,3427.0,465333.64,,,Authority,New
2026-12-31,87,Dubai Hills Estate,Office,3367.0,457250.82,,,Authority,New
2026-12-31,87,Sidra 2,4 bed rooms+hall,4733.0,450000.0,460000.0,-2.0,Person,Renew
2026-12-31,87,Golf Grove,4 bed rooms+hall,3377.0,420000.0,450000.0,-7.0,Authority,New
2026-12-31,87,Golf Grove,3 bed rooms+hall,3081.0,400000.0,395000.0,1.0,Authority,New
2026-12-31,87,Golf Grove,3 bed rooms+hall,2885.0,399999.69,395000.0,1.0,Authority,New
2026-12-31,87,MAPLE 2,5 bed rooms+hall,3739.0,380000.0,295000.0,29.0,Person,Renew
2026-12-31,87,ELLINGTON HOUSE,3 bed rooms+hall,1741.0,360000.0,430000.0,-16.0,Person,New
2026-12-31,87,MULBERRY at PARK HEIGHTS,3 bed rooms+hall,1943.0,350000.0,285000.0,23.0,Authority,Renew
2026-12-31,87,Sidra 3,3 bed rooms+hall,4561.0,325000.0,372500.0,-13.0,Authority,Renew
2026-12-31,87,MAPLE,4 bed rooms+hall,2954.0,310000.0,260000.0,19.0,Authority,Renew
2026-12-31,87,Maple III,4 bed rooms+hall,3301.0,300000.0,275000.0,9.0,Authority,Renew
2026-12-31,87,MAPLE,4 bed rooms+hall,2176.0,290000.0,260000.0,12.0,Authority,New
2026-12-31,87,MAPLE 2,4 bed rooms+hall,3085.0,290000.0,265000.0,9.0,Authority,New
2026-12-31,87,Maple III,4 bed rooms+hall,4325.0,288750.0,275000.0,5.0,Person,Renew
2026-12-31,87,ELLINGTON HOUSE,2 bed rooms+hall,1365.0,280000.0,273000.0,3.0,Person,New
2026-12-31,87,MAPLE 2,3 bed rooms+hall,2096.0,275000.0,220000.0,25.0,Authority,Renew
2026-12-31,87,MAPLE 2,4 bed rooms+hall,2175.0,260000.0,265000.0,-2.0,Authority,Renew
2026-12-31,87,MULBERRY at PARK HEIGHTS,3 bed rooms+hall,1810.0,252000.0,285000.0,-12.0,Authority,Renew
2026-12-31,87,SIDRA,4 bed rooms+hall,5704.0,240000.0,430000.0,-44.0,Authority,New
2026-12-31,87,MAPLE,3 bed rooms+hall,2094.0,236250.0,244565.22,-3.0,Authority,Renew
2026-12-31,87,MAPLE 2,3 bed rooms+hall,2160.0,230000.0,220000.0,5.0,Person,New
2026-12-31,87,MAG EYE Phase 1,3 bed rooms+hall,1790.0,215000.0,190000.0,13.0,Authority,New
2026-12-31,87,ACACIA AT PARK HEIGHTS,3 bed rooms+hall,1536.0,210000.0,275000.0,-24.0,Person,New
2026-12-31,87,MAG EYE Phase 1,3 bed rooms+hall,1460.0,210000.0,190000.0,11.0,Authority,New
2026-12-31,87,MULBERRY at PARK HEIGHTS,2 bed rooms+hall,1363.0,210000.0,178508.715,18.0,Authority,New
2026-12-31,87,Maple III,3 bed rooms+hall,2178.0,201350.0,230000.0,-12.0,Authority,Renew
2026-12-31,87,MAG EYE Phase 1,3 bed rooms+hall,1476.0,200016.0,190000.0,5.0,Person,Renew
2026-12-31,87,MAG EYE Phase 1,3 bed rooms+hall,1409.0,195000.0,190000.0,3.0,Person,Renew
2026-12-31,87,ACACIA AT PARK HEIGHTS,2 bed rooms+hall,1322.0,170000.0,190000.0,-11.0,Authority,Renew
2026-12-31,87,MAPLE 2,3 bed rooms+hall,2291.0,167360.0,220000.0,-24.0,,Renew
2026-12-31,87,Park Field,2 bed rooms+hall,1028.0,165000.0,160000.0,3.0,Authority,New
2026-12-31,87,Park Point,2 bed rooms+hall,1081.0,155000.0,140000.0,11.0,Authority,Renew
2026-12-31,87,PARK HEIGHTS II,Shop,1565.0,153380.37,,,Authority,New
2026-12-31,87,PARK HEIGHTS II,Shop,1565.0,153301.75,,,Authority,New
2026-12-31,87,PARK HEIGHTS II,Shop,1565.0,153301.75,,,Authority,New
2026-12-31,87,Sidra 2,4 bed rooms+hall,4908.0,150000.0,460000.0,-67.0,Authority,New
2026-12-31,87,ELLINGTON HOUSE,1bed room+Hall,793.0,150000.0,152500.0,-2.0,Authority,New
2026-12-31,87,PARK RIDGE,1bed room+Hall,654.0,135000.0,95000.0,42.0,Authority,New
2026-12-31,87,Dubai Hills Estate,1bed room+Hall,767.0,135000.0,,,Authority,New
2026-12-31,87,PARK RIDGE,1bed room+Hall,654.0,135000.0,95000.0,42.0,Authority,New
2026-12-31,87,ACACIA AT PARK HEIGHTS,2 bed rooms+hall,1787.0,132000.0,190000.0,-31.0,Person,Renew
2026-12-31,87,ACACIA AT PARK HEIGHTS,1bed room+Hall,968.0,120000.0,120000.0,0.0,Authority,Renew
2026-12-31,87,Collective 2.0,2 bed rooms+hall,743.0,115000.0,112500.0,2.0,Authority,Renew
2026-12-31,87,Socio,2 bed rooms+hall,723.0,115000.0,115000.0,0.0,Authority,New
2026-12-31,87,PARK HEIGHTS II,2 bed rooms+hall,956.0,115000.0,124000.0,-7.0,Person,Renew
2026-12-31,87,Golf ville,2 bed rooms+hall,752.0,110000.0,105000.0,5.0,Person,Renew
2026-12-31,87,Prive Residence,1bed room+Hall,666.0,110000.0,98000.0,12.0,Person,Renew
2026-12-31,87,Golf ville,2 bed rooms+hall,752.0,110000.0,105000.0,5.0,Person,New
2026-12-31,87,Prive Residence,1bed room+Hall,688.0,105000.0,98000.0,7.0,Authority,New
2026-12-31,87,PARK HEIGHTS II,1bed room+Hall,645.0,92000.0,87500.0,5.0,Authority,New
2026-12-31,87,MAG EYE Phase 1,1bed room+Hall,793.0,90000.0,80000.0,13.0,Authority,New
2026-12-31,87,MAG EYE Phase 1,1bed room+Hall,857.0,90000.0,80000.0,13.0,Person,New
2026-12-31,87,Dubai Hills Estate,Shop,300.0,86350.0,,,Authority,New
2026-12-31,87,PARK HEIGHTS II,1bed room+Hall,645.0,85000.0,87500.0,-3.0,Person,Renew
2026-12-31,87,MULBERRY at PARK HEIGHTS,1bed room+Hall,871.0,83853.0,120000.0,-30.0,Authority,Renew
2026-12-31,87,Maple III,3 bed rooms+hall,2182.0,80000.0,230000.0,-65.0,,Renew
2026-12-31,87,Golf ville,1bed room+Hall,507.0,75000.0,75000.0,0.0,Authority,New
2026-12-31,87,Dubai Hills Estate,Studio,491.0,60000.0,,,Person,New
2026-12-31,87,MAG EYE Phase 1,Studio,412.0,60000.0,55000.0,9.0,Person,New
2026-12-31,87,MULBERRY at PARK HEIGHTS,,1312.0,60000.0,,,Person,Renew
2026-12-31,87,MAG EYE Phase 1,Studio,396.0,59679.14,55000.0,9.0,Person,New
2026-12-31,87,MAG EYE Phase 1,Studio,414.0,58000.0,55000.0,5.0,Person,New
2026-12-31,87,MAG EYE Phase 1,Studio,414.0,58000.0,55000.0,5.0,Person,New
2026-12-31,87,MAG EYE Phase 1,Studio,414.0,57000.0,55000.0,4.0,Person,New
2026-12-31,87,MAG EYE Phase 1,Studio,410.0,55000.0,55000.0,0.0,Authority,Renew
2026-12-31,87,MAG EYE Phase 1,Studio,427.0,54000.0,55000.0,-2.0,Person,Renew
2026-12-31,87,MAG EYE Phase 1,Studio,408.0,53000.0,55000.0,-4.0,Person,New
2027-01-01,88,Golf Place ll,6 bed rooms+hall,13795.0,1745308.31,1745308.31,0.0,Authority,New
2027-01-01,88,Golf Place ll,6 bed rooms+hall,13795.0,1745308.31,1745308.31,0.0,Authority,New
2027-01-01,88,MAPLE 2,Shop,1987.0,696120.8,593066.67,17.0,Authority,New
2027-01-01,88,Sidra 2,4 bed rooms+hall,4576.0,520000.0,460000.0,13.0,Authority,New
2027-01-01,88,Club Villas at Dubai Hills,3 bed rooms+hall,2891.0,440000.0,445000.0,-1.0,Person,New
2027-01-01,88,MAPLE,5 bed rooms+hall,2978.0,350000.0,297500.0,18.0,Authority,New
2027-01-01,88,MULBERRY at PARK HEIGHTS,3 bed rooms+hall,1945.0,283000.0,285000.0,-1.0,Authority,New
2027-01-01,88,MAG EYE Phase 1,3 bed rooms+hall,1404.0,190000.0,190000.0,0.0,Person,New
2027-01-01,88,PARK HEIGHTS II,2 bed rooms+hall,956.0,168000.0,124000.0,35.0,Authority,Renew
2027-01-01,88,PARK HEIGHTS II,2 bed rooms+hall,1074.0,160000.0,124000.0,29.0,Authority,New
2027-01-01,88,ACACIA AT PARK HEIGHTS,1bed room+Hall,1445.0,140000.0,120000.0,17.0,Person,New
2027-01-01,88,Dubai Hills Estate,1bed room+Hall,736.0,119649.12,,,Person,New
2027-01-01,88,Collective,2 bed rooms+hall,725.0,115161.7,101134.76999999999,14.0,Authority,New
2027-01-01,88,Collective,2 bed rooms+hall,725.0,115000.0,101134.76999999999,14.0,Authority,New
2027-01-01,88,ACACIA AT PARK HEIGHTS,1bed room+Hall,1422.0,106500.0,120000.0,-11.0,Person,Renew
2027-01-01,88,Collective,2 bed rooms+hall,731.0,105000.0,101134.76999999999,4.0,Authority,New
2027-01-01,88,Socio,1bed room+Hall,483.0,99731.9,81666.0,22.0,Person,New
2027-01-01,88,Dubai Hills Estate,Studio,383.0,96000.0,,,Person,New
2027-01-01,88,ACACIA AT PARK HEIGHTS,1bed room+Hall,904.0,95000.0,120000.0,-21.0,Person,Renew
2027-01-01,88,MAG EYE Phase 1,1bed room+Hall,796.0,85000.0,80000.0,6.0,Authority,New
2027-01-02,89,SIDRA,5 bed rooms+hall,6057.0,650000.0,622500.0,4.0,Authority,New
2027-01-02,89,MAPLE 2,Shop,1901.0,601981.33,593066.67,2.0,Authority,New
2027-01-02,89,MAPLE 2,Shop,1901.0,601981.33,593066.67,2.0,,New
2027-01-02,89,SIDRA,3 bed rooms+hall,4283.0,365000.0,400000.0,-9.0,Authority,Renew
2027-01-02,89,Park Heights I,2 bed rooms+hall,957.0,170000.0,125000.0,36.0,Authority,New
2027-01-02,89,Park Point,2 bed rooms+hall,1219.0,165000.0,140000.0,18.0,Authority,New
2027-01-02,89,ACACIA AT PARK HEIGHTS,3 bed rooms+hall,1732.0,160000.0,275000.0,-42.0,,New
2027-01-02,89,Collective 2.0,2 bed rooms+hall,756.0,128000.0,112500.0,14.0,Authority,New
2027-01-02,89,Collective,2 bed rooms+hall,741.0,110000.0,101134.76999999999,9.0,Authority,Renew
2027-01-02,89,PARK RIDGE,1bed room+Hall,652.0,110000.0,95000.0,16.0,Person,Renew
2027-01-02,89,PARK RIDGE,1bed room+Hall,652.0,105000.0,95000.0,11.0,Authority,New
2027-01-02,89,Park Point,1bed room+Hall,684.0,100000.0,92000.0,9.0,Person,Renew
2027-01-02,89,MAG EYE Phase 1,Studio,411.0,55000.0,55000.0,0.0,Person,Renew
2027-01-03,90,SIDRA,4 bed rooms+hall,4974.0,391600.0,430000.0,-9.0,Person,Renew
2027-01-03,90,MAPLE 2,4 bed rooms+hall,2912.0,260000.0,265000.0,-2.0,Person,New
2027-01-03,90,Maple III,3 bed rooms+hall,2187.0,250000.0,230000.0,9.0,Authority,Renew
2027-01-03,90,PARK RIDGE,2 bed rooms+hall,995.0,230000.0,150000.0,53.0,Person,New
2027-01-03,90,PARK RIDGE,2 bed rooms+hall,1905.0,195000.0,150000.0,30.0,Person,New
2027-01-03,90,MULBERRY at PARK HEIGHTS,2 bed rooms+hall,1366.0,180000.0,178508.715,1.0,Person,Renew
2027-01-03,90,PARK RIDGE,2 bed rooms+hall,993.0,125000.0,150000.0,-17.0,Authority,Renew
2027-01-03,90,PARK RIDGE,1bed room+Hall,654.0,110000.0,95000.0,16.0,Authority,New
2027-01-03,90,Park Heights I,1bed room+Hall,646.0,95000.0,89000.0,7.0,Authority,New
2027-01-03,90,PARK RIDGE,1bed room+Hall,653.0,85000.0,95000.0,-11.0,Authority,New
2027-01-03,90,ACACIA AT PARK HEIGHTS,1bed room+Hall,947.0,83500.0,120000.0,-30.0,Person,Renew
2027-01-03,90,MAG EYE Phase 1,Studio,391.0,56000.0,55000.0,2.0,Authority,New
2027-01-04,91,Sidra 3,5 bed rooms+hall,5786.0,700000.0,,,Authority,New
2027-01-04,91,MAPLE,5 bed rooms+hall,3236.0,576000.0,297500.0,94.0,Person,New
2027-01-04,91,MAPLE,4 bed rooms+hall,3098.0,320000.0,260000.0,23.0,Authority,New
2027-01-04,91,MAPLE 2,5 bed rooms+hall,2985.0,320000.0,295000.0,8.0,Person,Renew
2027-01-04,91,Park Field,3 bed rooms+hall,1361.0,300000.0,225000.0,33.0,Authority,New
2027-01-04,91,ACACIA AT PARK HEIGHTS,3 bed rooms+hall,1874.0,295000.0,275000.0,7.0,Person,New
2027-01-04,91,MAPLE,4 bed rooms+hall,2172.0,285000.0,260000.0,10.0,Authority,Renew
2027-01-04,91,MAPLE,5 bed rooms+hall,3201.0,273000.0,297500.0,-8.0,Authority,Renew
2027-01-04,91,ACACIA AT PARK HEIGHTS,3 bed rooms+hall,1744.0,247340.43,275000.0,-10.0,Person,Renew
2027-01-04,91,MULBERRY at PARK HEIGHTS,2 bed rooms+hall,1297.0,190000.0,178508.715,6.0,Authority,New
2027-01-04,91,PARK RIDGE,2 bed rooms+hall,990.0,175000.0,150000.0,17.0,Authority,Renew
2027-01-04,91,Park Horizon,2 bed rooms+hall,2149.0,175000.0,149000.0,17.0,Authority,New
2027-01-04,91,Maple III,4 bed rooms+hall,3069.0,160000.0,275000.0,-42.0,Authority,New
2027-01-04,91,PARK HEIGHTS II,2 bed rooms+hall,1074.0,160000.0,124000.0,29.0,Authority,New
2027-01-04,91,Dubai Hills Estate,1bed room+Hall,860.0,155000.0,,,Person,New
2027-01-04,91,Park Field,1bed room+Hall,645.0,155000.0,110000.0,41.0,Person,New
2027-01-04,91,Collective,2 bed rooms+hall,743.0,132000.0,101134.76999999999,31.0,Person,New
2027-01-04,91,Collective,2 bed rooms+hall,743.0,120000.0,101134.76999999999,19.0,Authority,New
2027-01-04,91,Prive Residence,1bed room+Hall,738.0,117000.0,98000.0,19.0,Authority,New
2027-01-04,91,PARK RIDGE,2 bed rooms+hall,996.0,115920.0,150000.0,-23.0,Authority,Renew
2027-01-04,91,Collective,2 bed rooms+hall,746.0,100000.0,101134.76999999999,-1.0,Authority,Renew
2027-01-04,91,PARK HEIGHTS II,1bed room+Hall,645.0,95000.0,87500.0,9.0,Authority,New
2027-01-04,91,Park Heights I,1bed room+Hall,646.0,90000.0,89000.0,1.0,Person,New
2027-01-04,91,Golf ville,1bed room+Hall,496.0,90000.0,75000.0,20.0,Person,New
2027-01-04,91,ACACIA AT PARK HEIGHTS,1bed room+Hall,921.0,83200.0,120000.0,-31.0,Person,Renew
2027-01-04,91,Golf ville,1bed room+Hall,507.0,80000.0,75000.0,7.0,Authority,New
2027-01-04,91,PARK HEIGHTS II,1bed room+Hall,645.0,69000.0,87500.0,-21.0,Authority,Renew
2027-01-04,91,MAG EYE Phase 1,Studio,385.0,60000.0,55000.0,9.0,Authority,New
2027-01-04,91,MAG EYE Phase 1,Studio,408.0,55148.25,55000.0,0.0,Authority,Renew
2027-01-05,92,Sidra 3,4 bed rooms+hall,5722.0,440000.0,450000.0,-2.0,Authority,Renew
2027-01-05,92,MULBERRY at PARK HEIGHTS,3 bed rooms+hall,1954.0,230000.0,285000.0,-19.0,,Renew
2027-01-05,92,ACACIA AT PARK HEIGHTS,2 bed rooms+hall,1563.0,220000.0,190000.0,16.0,Person,Renew
2027-01-05,92,MAG EYE Phase 1,3 bed rooms+hall,1460.0,190000.0,190000.0,0.0,Person,Renew
2027-01-05,92,MULBERRY at PARK HEIGHTS,2 bed rooms+hall,1712.0,190000.0,178508.715,6.0,Person,Renew
2027-01-05,92,MAG EYE Phase 1,3 bed rooms+hall,1187.0,170000.0,190000.0,-11.0,Person,Renew
2027-01-05,92,Park Field,1bed room+Hall,647.0,130000.0,110000.0,18.0,Authority,New
2027-01-05,92,Golf ville,2 bed rooms+hall,749.0,115000.0,105000.0,10.0,Authority,New
2027-01-05,92,Park Point,1bed room+Hall,715.0,105000.0,92000.0,14.0,Person,New
2027-01-05,92,Golf Suites - Dubai Hills,1bed room+Hall,641.0,105000.0,100000.0,5.0,Authority,Renew
2027-01-05,92,Golf ville,2 bed rooms+hall,745.0,105000.0,105000.0,0.0,Authority,New
2027-01-05,92,Collective,1bed room+Hall,474.0,92000.0,78000.0,18.0,Person,New
2027-01-05,92,Collective,1bed room+Hall,589.0,92000.0,78000.0,18.0,Person,New
2027-01-05,92,ACACIA AT PARK HEIGHTS,1bed room+Hall,844.0,85250.0,120000.0,-29.0,Person,Renew
2027-01-05,92,PARK HEIGHTS II,1bed room+Hall,657.0,82000.0,87500.0,-6.0,Authority,Renew
2027-01-05,92,Golf ville,1bed room+Hall,507.0,70576.0,75000.0,-6.0,Person,Renew
2027-01-05,92,MAG EYE Phase 1,Studio,394.0,60000.0,55000.0,9.0,Authority,New
2027-01-05,92,MAG EYE Phase 1,Studio,394.0,57000.0,55000.0,4.0,Person,Renew
2027-01-05,92,MAG EYE Phase 1,Studio,411.0,55000.0,55000.0,0.0,Authority,Renew
2027-01-06,93,MAPLE,4 bed rooms+hall,2927.0,330000.0,260000.0,27.0,Authority,New
2027-01-06,93,MAPLE 2,3 bed rooms+hall,2147.0,285000.0,220000.0,30.0,Authority,New
2027-01-06,93,MAG EYE Phase 1,3 bed rooms+hall,1392.0,215000.0,190000.0,13.0,Authority,New
2027-01-06,93,MAG EYE Phase 1,3 bed rooms+hall,2221.0,210000.0,190000.0,11.0,Authority,New
2027-01-06,93,ACACIA AT PARK HEIGHTS,2 bed rooms+hall,1045.0,150000.0,190000.0,-21.0,Authority,Renew
2027-01-06,93,PARK HEIGHTS II,1bed room+Hall,657.0,87000.0,87500.0,-1.0,Person,New
2027-01-06,93,PARK HEIGHTS II,1bed room+Hall,645.0,67800.0,87500.0,-23.0,Person,Renew
2027-01-07,94,Club Villas at Dubai Hills,3 bed rooms+hall,3035.0,2350000.0,445000.0,428.0,Person,New
2027-01-07,94,Golf Grove,4 bed rooms+hall,3379.0,495000.0,450000.0,10.0,Authority,Renew
2027-01-07,94,SIDRA,4 bed rooms+hall,4629.0,450000.0,430000.0,5.0,Person,New
2027-01-07,94,Sidra 2,3 bed rooms+hall,4527.0,399999.75,370000.0,8.0,Authority,New
2027-01-07,94,Maple III,3 bed rooms+hall,2184.0,270000.0,230000.0,17.0,Authority,New
2027-01-07,94,Maple III,3 bed rooms+hall,2117.0,265000.0,230000.0,15.0,Person,Renew
2027-01-07,94,Club Villas at Dubai Hills,3 bed rooms+hall,3035.0,235000.0,445000.0,-47.0,Person,New
2027-01-07,94,MULBERRY at PARK HEIGHTS,2 bed rooms+hall,1364.0,200000.0,178508.715,12.0,Person,New
2027-01-07,94,Park Field,2 bed rooms+hall,1037.0,190000.0,160000.0,19.0,Authority,New
2027-01-07,94,ACACIA AT PARK HEIGHTS,2 bed rooms+hall,1514.0,133600.0,190000.0,-30.0,Authority,Renew
2027-01-07,94,Park Horizon,1bed room+Hall,659.0,120000.0,95000.0,26.0,Person,New
2027-01-07,94,MULBERRY at PARK HEIGHTS,1bed room+Hall,871.0,115000.0,120000.0,-4.0,Person,Renew
2027-01-07,94,PARK RIDGE,1bed room+Hall,871.0,110000.0,95000.0,16.0,Authority,New
2027-01-07,94,Golf ville,2 bed rooms+hall,751.0,100000.0,105000.0,-5.0,Person,New
2027-01-07,94,Dubai Hills Estate,Studio,384.0,96000.0,,,Person,New
2027-01-07,94,Collective 2.0,1bed room+Hall,495.0,85000.0,80000.0,6.0,Person,New
2027-01-07,94,MAG EYE Phase 1,Studio,394.0,60000.0,55000.0,9.0,,New
2027-01-08,95,Club Villas at Dubai Hills,4 bed rooms+hall,3284.0,770000.0,524000.0,47.0,,New
2027-01-08,95,MAPLE 2,Shop,1423.0,492046.0,593066.67,-17.0,Authority,New
2027-01-08,95,MAPLE 2,Shop,1423.0,492046.0,593066.67,-17.0,Authority,New
2027-01-08,95,MAPLE,5 bed rooms+hall,3291.0,355000.0,297500.0,19.0,Person,New
2027-01-08,95,MAPLE,5 bed rooms+hall,3067.0,320000.0,297500.0,8.0,Authority,New
2027-01-08,95,Lime Gardens,2 bed rooms+hall,966.0,175000.0,145000.0,21.0,Authority,New
2027-01-08,95,ACACIA AT PARK HEIGHTS,Shop,864.0,150684.0,,,Authority,New
2027-01-08,95,MULBERRY at PARK HEIGHTS,1bed room+Hall,871.0,130000.0,120000.0,8.0,Authority,Renew
2027-01-08,95,Lime Gardens,1bed room+Hall,649.0,115000.0,90000.0,28.0,Person,New
2027-01-08,95,Collective,2 bed rooms+hall,723.0,105000.0,101134.76999999999,4.0,Person,Renew
2027-01-08,95,MAG EYE Phase 1,1bed room+Hall,871.0,100000.0,80000.0,25.0,Person,New
2027-01-08,95,PARK RIDGE,1bed room+Hall,657.0,84000.0,95000.0,-12.0,Authority,Renew
2027-01-08,95,MAG EYE Phase 1,Studio,416.0,78000.0,55000.0,42.0,Authority,New
2027-01-08,95,Dubai Hills Estate,Studio,389.0,61000.0,,,Authority,New
2027-01-09,96,SIDRA,5 bed rooms+hall,6898.0,750000.0,622500.0,20.0,Authority,New
2027-01-09,96,SIDRA,5 bed rooms+hall,5637.0,680000.0,622500.0,9.0,Authority,Renew
2027-01-09,96,MULBERRY at PARK HEIGHTS,3 bed rooms+hall,1970.0,410000.0,285000.0,44.0,Authority,New
2027-01-09,96,MAPLE,5 bed rooms+hall,3220.0,360000.0,297500.0,21.0,Authority,New
2027-01-09,96,MAPLE,5 bed rooms+hall,3052.0,330000.0,297500.0,11.0,Authority,Renew
2027-01-09,96,Maple III,4 bed rooms+hall,3258.0,305000.0,275000.0,11.0,Person,New
2027-01-09,96,MAPLE,3 bed rooms+hall,2099.0,295000.0,244565.22,21.0,Authority,Renew
2027-01-09,96,ELLINGTON HOUSE,2 bed rooms+hall,1368.0,290000.0,273000.0,6.0,Authority,New
2027-01-09,96,MAPLE,3 bed rooms+hall,2074.0,270000.0,244565.22,10.0,Authority,New
2027-01-09,96,MAPLE 2,3 bed rooms+hall,2119.0,260000.0,220000.0,18.0,Person,Renew
2027-01-09,96,PARK RIDGE,2 bed rooms+hall,1290.0,200000.0,150000.0,33.0,Authority,Renew
2027-01-09,96,Park Field,2 bed rooms+hall,986.0,195000.0,160000.0,22.0,Authority,New
2027-01-09,96,MAPLE 2,Shop,457.0,178382.33,593066.67,-70.0,Authority,New
2027-01-09,96,ACACIA AT PARK HEIGHTS,2 bed rooms+hall,1816.0,152250.0,190000.0,-20.0,Person,Renew
2027-01-09,96,Park Heights I,2 bed rooms+hall,959.0,145000.0,125000.0,16.0,Person,Renew
2027-01-09,96,MULBERRY at PARK HEIGHTS,1bed room+Hall,990.0,127000.0,120000.0,6.0,Person,New
2027-01-09,96,Collective,2 bed rooms+hall,741.0,125000.0,101134.76999999999,24.0,,Renew
2027-01-09,96,Collective 2.0,2 bed rooms+hall,743.0,120000.0,112500.0,7.0,Authority,New
2027-01-09,96,Collective 2.0,2 bed rooms+hall,742.0,110000.0,112500.0,-2.0,Person,New
2027-01-09,96,PARK RIDGE,1bed room+Hall,641.0,110000.0,95000.0,16.0,Authority,Renew
2027-01-09,96,Golf ville,2 bed rooms+hall,752.0,110000.0,105000.0,5.0,Person,New
2027-01-09,96,Park Field,1bed room+Hall,645.0,105000.0,110000.0,-5.0,Person,New
2027-01-09,96,Socio,1bed room+Hall,472.0,100000.0,81666.0,22.0,Person,New
2027-01-09,96,Collective,1bed room+Hall,488.0,95000.0,78000.0,22.0,Authority,New
2027-01-09,96,Park Point,1bed room+Hall,698.0,92000.0,92000.0,0.0,Person,Renew
2027-01-09,96,Park Point,1bed room+Hall,693.0,92000.0,92000.0,0.0,Authority,Renew
2027-01-09,96,Park Heights I,1bed room+Hall,649.0,92000.0,89000.0,3.0,Authority,New
2027-01-09,96,Prive Residence,Studio,403.0,82000.0,70000.0,17.0,Authority,New
2027-01-09,96,Golf ville,1bed room+Hall,500.0,80000.0,75000.0,7.0,Authority,Renew
2027-01-09,96,Collective 2.0,1bed room+Hall,474.0,75000.0,80000.0,-6.0,Person,Renew
2027-01-09,96,Dubai Hills Estate,Studio,453.0,73000.0,,,Person,New
2027-01-09,96,MAG EYE Phase 1,Studio,427.0,63000.0,55000.0,15.0,Authority,New
2027-01-09,96,MAG EYE Phase 1,Studio,394.0,58000.0,55000.0,5.0,Person,Renew
2027-01-09,96,MAG EYE Phase 1,Studio,397.0,54000.0,55000.0,-2.0,Person,Renew
2027-01-10,97,Majestic Vistas,6 bed rooms+hall,13665.0,3989276.14,3375000.0,18.0,,New
2027-01-10,97,MAPLE 2,4 bed rooms+hall,3257.0,350000.0,265000.0,32.0,Person,New
2027-01-10,97,MAPLE 2,5 bed rooms+hall,3014.0,290000.0,295000.0,-2.0,Authority,Renew
2027-01-10,97,Park Point,3 bed rooms+hall,1583.0,280000.0,190000.0,47.0,Person,Renew
2027-01-10,97,MAG EYE Phase 1,2 bed rooms+hall,1187.0,203000.0,160000.0,27.0,Person,New
2027-01-10,97,Socio,2 bed rooms+hall,722.0,119477.65,115000.0,4.0,Authority,Renew
2027-01-10,97,MAG EYE Phase 1,1bed room+Hall,793.0,106000.0,80000.0,33.0,Person,New
2027-01-10,97,Park Point,1bed room+Hall,736.0,104000.0,92000.0,13.0,Person,Renew
2027-01-10,97,Park Heights I,1bed room+Hall,646.0,98000.0,89000.0,10.0,Authority,New
2027-01-10,97,PARK RIDGE,1bed room+Hall,652.0,96000.0,95000.0,1.0,Person,Renew
2027-01-10,97,MAG EYE Phase 1,1bed room+Hall,803.0,90000.0,80000.0,13.0,Authority,Renew
2027-01-10,97,Dubai Hills Estate,Studio,453.0,80000.0,,,Person,New
2027-01-10,97,Park Heights I,1bed room+Hall,646.0,78750.0,89000.0,-12.0,Person,Renew
2027-01-11,98,SIDRA,4 bed rooms+hall,5599.0,740000.0,430000.0,72.0,Authority,New
2027-01-11,98,Club Villas at Dubai Hills,4 bed rooms+hall,3591.0,600000.0,524000.0,15.0,Authority,New
2027-01-11,98,Sidra 3,4 bed rooms+hall,4790.0,331200.0,450000.0,-26.0,Person,Renew
2027-01-11,98,MAG EYE Phase 1,2 bed rooms+hall,1187.0,230000.0,160000.0,44.0,Person,New
2027-01-11,98,MAG EYE Phase 1,3 bed rooms+hall,1392.0,193000.0,190000.0,2.0,Person,New
2027-01-11,98,MAG EYE Phase 1,3 bed rooms+hall,1392.0,193000.0,190000.0,2.0,Person,New
2027-01-11,98,MAG EYE Phase 1,3 bed rooms+hall,1482.0,190000.0,190000.0,0.0,Person,New
2027-01-11,98,Collective 2.0,2 bed rooms+hall,731.0,125000.0,112500.0,11.0,Authority,New
2027-01-11,98,Socio,1bed room+Hall,486.0,100000.0,81666.0,22.0,Authority,New
2027-01-11,98,Socio,1bed room+Hall,473.0,92000.0,81666.0,13.0,Person,New
2027-01-11,98,MAG EYE Phase 1,1bed room+Hall,824.0,87000.0,80000.0,9.0,Authority,New
2027-01-11,98,Golf ville,1bed room+Hall,496.0,80000.0,75000.0,7.0,Authority,Renew
2027-01-12,99,Golf Grove,3 bed rooms+hall,2987.0,390000.0,395000.0,-1.0,Authority,Renew
2027-01-12,99,Prive Residence,Shop,712.0,300000.0,400000.0,-25.0,Authority,New
2027-01-12,99,ACACIA AT PARK HEIGHTS,2 bed rooms+hall,1815.0,205000.0,190000.0,8.0,Person,Renew
2027-01-12,99,MAG EYE Phase 1,2 bed rooms+hall,1187.0,180000.0,160000.0,13.0,Person,New
2027-01-12,99,MAG EYE Phase 1,2 bed rooms+hall,1204.0,180000.0,160000.0,13.0,Authority,Renew
2027-01-12,99,Park Horizon,2 bed rooms+hall,1049.0,175000.0,149000.0,17.0,Person,New
2027-01-12,99,MAG EYE Phase 1,2 bed rooms+hall,1411.0,165000.0,160000.0,3.0,,Renew
2027-01-12,99,Park Heights I,2 bed rooms+hall,1076.0,135000.0,125000.0,8.0,Authority,New
2027-01-12,99,ACACIA AT PARK HEIGHTS,1bed room+Hall,838.0,123000.0,120000.0,3.0,Person,New
2027-01-12,99,Collective 2.0,2 bed rooms+hall,744.0,120000.0,112500.0,7.0,Person,New
2027-01-12,99,Golf ville,1bed room+Hall,496.0,85000.0,75000.0,13.0,Person,Renew
2027-01-12,99,MAG EYE Phase 1,Studio,419.0,57000.0,55000.0,4.0,Person,New
2027-01-12,99,MAG EYE Phase 1,Studio,414.0,55000.0,55000.0,0.0,Person,Renew
2027-01-12,99,MAG EYE Phase 1,Studio,455.0,50000.0,55000.0,-9.0,Person,Renew
2027-01-13,100,Park Field,3 bed rooms+hall,1428.0,260000.0,225000.0,16.0,,New
2027-01-13,100,PARK RIDGE,2 bed rooms+hall,983.0,155000.0,150000.0,3.0,Person,Renew
2027-01-13,100,Collective,2 bed rooms+hall,723.0,135000.0,101134.76999999999,33.0,Person,New
2027-01-13,100,Collective,1bed room+Hall,475.0,95000.0,78000.0,22.0,Person,Renew
2027-01-13,100,Collective 2.0,1bed room+Hall,490.0,90000.0,80000.0,13.0,Authority,New
2027-01-13,100,ACACIA AT PARK HEIGHTS,1bed room+Hall,923.0,87400.0,120000.0,-27.0,Person,Renew
2027-01-13,100,PARK RIDGE,1bed room+Hall,654.0,73598.0,95000.0,-23.0,Person,Renew
2027-01-13,100,MAG EYE Phase 1,Studio,414.0,60000.0,55000.0,9.0,Person,New
2027-01-13,100,MAG EYE Phase 1,Studio,410.0,50000.0,55000.0,-9.0,Authority,Renew
2027-01-14,101,MAPLE 2,Shop,3605.0,933325.0,593066.67,57.0,Authority,New
2027-01-14,101,Sidra 3,4 bed rooms+hall,4692.0,670000.0,450000.0,49.0,Authority,New
2027-01-14,101,SIDRA,3 bed rooms+hall,4520.0,496000.0,400000.0,24.0,Person,New
2027-01-14,101,Sidra 2,4 bed rooms+hall,4710.0,466666.67,460000.0,1.0,Authority,Renew
2027-01-14,101,SIDRA,3 bed rooms+hall,4328.0,400000.0,400000.0,0.0,Person,New
2027-01-14,101,MAPLE,5 bed rooms+hall,2984.0,325000.0,297500.0,9.0,Authority,New
2027-01-14,101,Maple III,4 bed rooms+hall,3349.0,310000.0,275000.0,13.0,Person,New
2027-01-14,101,Maple III,3 bed rooms+hall,2183.0,285000.0,230000.0,24.0,Person,New
2027-01-14,101,MAPLE,3 bed rooms+hall,2091.0,270000.0,244565.22,10.0,Person,Renew
2027-01-14,101,MAPLE 2,3 bed rooms+hall,2093.0,260000.0,220000.0,18.0,Authority,Renew
2027-01-14,101,MAPLE,4 bed rooms+hall,2173.0,260000.0,260000.0,0.0,Authority,New
2027-01-14,101,MAPLE 2,3 bed rooms+hall,2093.0,255000.0,220000.0,16.0,Authority,Renew
2027-01-14,101,MAPLE,3 bed rooms+hall,2094.0,250000.0,244565.22,2.0,Authority,New
2027-01-14,101,MAPLE 2,3 bed rooms+hall,2075.0,250000.0,220000.0,14.0,Authority,New
2027-01-14,101,Park Heights I,3 bed rooms+hall,1611.0,247500.0,200000.0,24.0,,New
2027-01-14,101,Maple III,3 bed rooms+hall,2096.0,220000.0,230000.0,-4.0,Person,Renew
2027-01-14,101,PARK HEIGHTS II,3 bed rooms+hall,1612.0,200000.0,200000.0,0.0,Person,New
2027-01-14,101,PARK RIDGE,2 bed rooms+hall,990.0,170000.0,150000.0,13.0,Person,Renew
2027-01-14,101,ELLINGTON HOUSE,1bed room+Hall,866.0,165000.0,152500.0,8.0,Authority,New
2027-01-14,101,ACACIA AT PARK HEIGHTS,2 bed rooms+hall,1877.0,162400.0,190000.0,-15.0,Person,Renew
2027-01-14,101,Dubai Hills Estate,1bed room+Hall,865.0,160000.0,,,Person,New
2027-01-14,101,Park Horizon,2 bed rooms+hall,1037.0,155000.0,149000.0,4.0,Authority,New
2027-01-14,101,Dubai Hills Estate,1bed room+Hall,865.0,155000.0,,,Person,New
2027-01-14,101,Park Horizon,2 bed rooms+hall,1037.0,155000.0,149000.0,4.0,Authority,New
2027-01-14,101,Park Heights I,2 bed rooms+hall,959.0,145000.0,125000.0,16.0,Authority,New
2027-01-14,101,PARK RIDGE,2 bed rooms+hall,989.0,140000.0,150000.0,-7.0,Authority,Renew
2027-01-14,101,Socio,2 bed rooms+hall,722.0,130000.0,115000.0,13.0,Person,New
2027-01-14,101,Park Heights I,2 bed rooms+hall,956.0,128000.0,125000.0,2.0,Authority,Renew
2027-01-14,101,Socio,2 bed rooms+hall,946.0,125000.0,115000.0,9.0,,New
2027-01-14,101,Collective 2.0,2 bed rooms+hall,731.0,112500.0,112500.0,0.0,Person,New
2027-01-14,101,Prive Residence,1bed room+Hall,734.0,110000.0,98000.0,12.0,Authority,Renew
2027-01-14,101,Lime Gardens,1bed room+Hall,650.0,110000.0,90000.0,22.0,Person,New
2027-01-14,101,Park Heights I,1bed room+Hall,648.0,100000.0,89000.0,12.0,Authority,New
2027-01-14,101,PARK RIDGE,1bed room+Hall,652.0,100000.0,95000.0,5.0,Authority,New
2027-01-14,101,Dubai Hills Estate,1bed room+Hall,764.0,100000.0,,,Person,New
2027-01-14,101,Prive Residence,1bed room+Hall,712.0,97500.0,98000.0,-1.0,Person,New
2027-01-14,101,MAG EYE Phase 1,1bed room+Hall,750.0,95000.0,80000.0,19.0,Authority,New
2027-01-14,101,Collective 2.0,1bed room+Hall,486.0,95000.0,80000.0,19.0,Authority,New
2027-01-14,101,Golf ville,2 bed rooms+hall,748.0,94500.0,105000.0,-10.0,Person,Renew
2027-01-14,101,MAG EYE Phase 1,1bed room+Hall,836.0,93000.0,80000.0,16.0,Authority,New
2027-01-14,101,PARK RIDGE,1bed room+Hall,652.0,92400.0,95000.0,-3.0,Person,Renew
2027-01-14,101,Collective,2 bed rooms+hall,729.0,91200.0,101134.76999999999,-10.0,Authority,Renew
2027-01-14,101,PARK RIDGE,1bed room+Hall,657.0,89000.0,95000.0,-6.0,Person,Renew
2027-01-14,101,MULBERRY at PARK HEIGHTS,1bed room+Hall,871.0,80000.0,120000.0,-33.0,,Renew
2027-01-14,101,MAG EYE Phase 1,Studio,394.0,68000.0,55000.0,24.0,Authority,New
2027-01-14,101,MAG EYE Phase 1,Studio,416.0,60000.0,55000.0,9.0,Authority,New
2027-01-14,101,MAG EYE Phase 1,Studio,391.0,58000.0,55000.0,5.0,Authority,New
2027-01-14,101,MAG EYE Phase 1,Studio,413.0,53000.0,55000.0,-4.0,Authority,Renew
2027-01-15,102,Golf Grove,4 bed rooms+hall,3653.0,460000.0,450000.0,2.0,Person,New
2027-01-15,102,MAPLE 2,4 bed rooms+hall,2974.0,350000.0,265000.0,32.0,Authority,New
2027-01-15,102,MAG EYE Phase 1,4 bed rooms+hall,3597.0,340000.0,300000.0,13.0,Person,New
2027-01-15,102,Maple III,4 bed rooms+hall,3027.0,325000.0,275000.0,18.0,Authority,New
2027-01-15,102,Golf Suites - Dubai Hills,3 bed rooms+hall,1697.0,320000.0,320000.0,0.0,Person,New
2027-01-15,102,Park Field,3 bed rooms+hall,1425.0,250000.0,225000.0,11.0,Authority,New
2027-01-15,102,MULBERRY at PARK HEIGHTS,2 bed rooms+hall,1560.0,240000.0,178508.715,34.0,,New
2027-01-15,102,Collective,2 bed rooms+hall,723.0,135000.0,101134.76999999999,33.0,Authority,New
2027-01-15,102,Golf ville,2 bed rooms+hall,754.0,130000.0,105000.0,24.0,Authority,New
2027-01-15,102,Golf ville,2 bed rooms+hall,748.0,117000.0,105000.0,11.0,Person,New
2027-01-15,102,Collective 2.0,2 bed rooms+hall,731.0,110000.0,112500.0,-2.0,Person,New
2027-01-15,102,PARK RIDGE,1bed room+Hall,649.0,105000.0,95000.0,11.0,Authority,New
2027-01-15,102,Prive Residence,2 bed rooms+hall,1047.0,90000.0,135000.0,-33.0,Authority,New
2027-01-15,102,MAG EYE Phase 1,1bed room+Hall,796.0,89000.0,80000.0,11.0,Person,New
2027-01-15,102,ACACIA AT PARK HEIGHTS,1bed room+Hall,847.0,86400.0,120000.0,-28.0,Person,Renew
2027-01-15,102,PARK HEIGHTS II,1bed room+Hall,645.0,80000.0,87500.0,-9.0,Person,Renew
2027-01-15,102,THE GROVE BY IMAN,Studio,477.0,78000.0,75000.0,4.0,Authority,New
2027-01-15,102,ACACIA AT PARK HEIGHTS,1bed room+Hall,834.0,77700.0,120000.0,-35.0,Person,Renew
2027-01-15,102,MAG EYE Phase 1,Studio,396.0,58000.0,55000.0,5.0,Authority,New
2027-01-15,102,MAG EYE Phase 1,Studio,394.0,56000.0,55000.0,2.0,Person,New
2027-01-16,103,Golf Place ll,5 bed rooms+hall,7187.0,1150000.0,1150000.0,0.0,Person,New
2027-01-16,103,Dubai Hills Estate,3 bed rooms+hall,2114.0,370000.0,,,Person,New
2027-01-16,103,ELLINGTON HOUSE,2 bed rooms+hall,1366.0,320000.0,273000.0,17.0,Person,New
2027-01-16,103,MAPLE,4 bed rooms+hall,2925.0,290000.0,260000.0,12.0,Authority,Renew
2027-01-16,103,ACACIA AT PARK HEIGHTS,2 bed rooms+hall,1496.0,220000.0,190000.0,16.0,Authority,Renew
2027-01-16,103,MULBERRY at PARK HEIGHTS,2 bed rooms+hall,1361.0,210000.0,178508.715,18.0,Person,New
2027-01-16,103,Park Field,1bed room+Hall,645.0,150000.0,110000.0,36.0,Authority,New
2027-01-16,103,PARK HEIGHTS II,2 bed rooms+hall,957.0,130000.0,124000.0,5.0,Person,Renew
2027-01-16,103,Collective 2.0,2 bed rooms+hall,731.0,130000.0,112500.0,16.0,Person,New
2027-01-16,103,PARK HEIGHTS II,2 bed rooms+hall,956.0,130000.0,124000.0,5.0,Person,New
2027-01-16,103,MULBERRY at PARK HEIGHTS,1bed room+Hall,916.0,121000.0,120000.0,1.0,Person,New
2027-01-16,103,Collective,2 bed rooms+hall,730.0,120000.0,101134.76999999999,19.0,Authority,Renew
2027-01-16,103,Collective,2 bed rooms+hall,731.0,110000.0,101134.76999999999,9.0,Person,Renew
2027-01-16,103,Golf ville,2 bed rooms+hall,750.0,104718.5,105000.0,-0.0,Authority,New
2027-01-16,103,PARK RIDGE,1bed room+Hall,653.0,84000.0,95000.0,-12.0,Authority,Renew
2027-01-16,103,Park Point,1bed room+Hall,689.0,70400.0,92000.0,-23.0,Authority,Renew
2027-01-16,103,Dubai Hills Estate,Studio,492.0,68183.29,,,Person,New
2027-01-16,103,MAG EYE Phase 1,Studio,394.0,60000.0,55000.0,9.0,Person,New
2027-01-16,103,MAG EYE Phase 1,Studio,394.0,58000.0,55000.0,5.0,Person,New
2027-01-17,104,ELLINGTON HOUSE,2 bed rooms+hall,1366.0,285000.0,273000.0,4.0,Authority,New
2027-01-17,104,MULBERRY at PARK HEIGHTS,2 bed rooms+hall,1747.0,225000.0,178508.715,26.0,Person,New
2027-01-17,104,Prive Residence,1bed room+Hall,1958.0,160000.0,98000.0,63.0,Authority,Renew
2027-01-17,104,Golf Suites - Dubai Hills,2 bed rooms+hall,1207.0,155000.0,162500.0,-5.0,Authority,Renew
2027-01-17,104,MULBERRY at PARK HEIGHTS,1bed room+Hall,871.0,117000.0,120000.0,-3.0,Authority,Renew
2027-01-17,104,Dubai Hills Estate,Studio,491.0,108000.0,,,Authority,New
2027-01-17,104,Golf ville,2 bed rooms+hall,768.0,97000.0,105000.0,-8.0,Authority,New
2027-01-17,104,ACACIA AT PARK HEIGHTS,1bed room+Hall,934.0,85250.0,120000.0,-29.0,Person,Renew
2027-01-17,104,PARK RIDGE,1bed room+Hall,641.0,79860.0,95000.0,-16.0,,Renew
2027-01-18,105,SIDRA,4 bed rooms+hall,4656.0,450000.0,430000.0,5.0,Person,New
2027-01-18,105,Sidra 3,3 bed rooms+hall,4339.0,380000.0,372500.0,2.0,Person,New
2027-01-18,105,MAPLE 2,3 bed rooms+hall,2097.0,260000.0,220000.0,18.0,Authority,Renew
2027-01-18,105,MAPLE,3 bed rooms+hall,2074.0,255000.0,244565.22,4.0,Person,New
2027-01-18,105,Maple III,3 bed rooms+hall,2095.0,240000.0,230000.0,4.0,Authority,New
2027-01-18,105,MULBERRY at PARK HEIGHTS,3 bed rooms+hall,1969.0,200000.0,285000.0,-30.0,Person,New
2027-01-18,105,Park Point,2 bed rooms+hall,1378.0,189000.0,140000.0,35.0,Person,Renew
2027-01-18,105,MAG EYE Phase 1,2 bed rooms+hall,1411.0,185000.0,160000.0,16.0,Person,New
2027-01-18,105,MULBERRY at PARK HEIGHTS,3 bed rooms+hall,1966.0,160000.0,285000.0,-44.0,Authority,New
2027-01-18,105,Socio,2 bed rooms+hall,729.0,125000.0,115000.0,9.0,Person,New
2027-01-18,105,Lime Gardens,1bed room+Hall,649.0,105000.0,90000.0,17.0,Person,New
2027-01-18,105,MAG EYE Phase 1,1bed room+Hall,836.0,100000.0,80000.0,25.0,Authority,New
2027-01-18,105,Golf ville,2 bed rooms+hall,748.0,94500.0,105000.0,-10.0,Person,Renew
2027-01-18,105,PARK HEIGHTS II,1bed room+Hall,645.0,90270.0,87500.0,3.0,Person,Renew
2027-01-18,105,Dubai Hills Estate,Studio,453.0,90000.0,,,Authority,New
2027-01-18,105,Dubai Hills Estate,Studio,456.0,80000.0,,,Authority,New
2027-01-19,106,Club Villas at Dubai Hills,4 bed rooms+hall,3597.0,515000.0,524000.0,-2.0,Authority,Renew
2027-01-19,106,Club Villas at Dubai Hills,3 bed rooms+hall,3015.0,430000.0,445000.0,-3.0,Person,New
2027-01-19,106,Sidra 2,3 bed rooms+hall,4658.0,410000.0,370000.0,11.0,Authority,Renew
2027-01-19,106,Golf Grove,3 bed rooms+hall,2847.0,395000.0,395000.0,0.0,Person,New
2027-01-19,106,MAPLE,4 bed rooms+hall,2169.0,290000.0,260000.0,12.0,Authority,New
2027-01-19,106,MAPLE 2,4 bed rooms+hall,3077.0,290000.0,265000.0,9.0,,New
2027-01-19,106,MAPLE,4 bed rooms+hall,2171.0,290000.0,260000.0,12.0,Person,New
2027-01-19,106,MAPLE,4 bed rooms+hall,3111.0,290000.0,260000.0,12.0,Person,New
2027-01-19,106,MAPLE 2,4 bed rooms+hall,3227.0,280000.0,265000.0,6.0,Authority,New
2027-01-19,106,MAPLE 2,3 bed rooms+hall,2143.0,250000.0,220000.0,14.0,Person,New
2027-01-19,106,MULBERRY at PARK HEIGHTS,3 bed rooms+hall,1946.0,248657.82,285000.0,-13.0,Person,Renew
2027-01-19,106,ACACIA AT PARK HEIGHTS,2 bed rooms+hall,1317.0,195000.0,190000.0,3.0,Authority,New
2027-01-19,106,MULBERRY at PARK HEIGHTS,2 bed rooms+hall,1351.0,180000.0,178508.715,1.0,Authority,Renew
2027-01-19,106,MULBERRY at PARK HEIGHTS,2 bed rooms+hall,1361.0,175000.0,178508.715,-2.0,Authority,Renew
2027-01-19,106,MAG EYE Phase 1,2 bed rooms+hall,1187.0,158000.0,160000.0,-1.0,Authority,New
2027-01-19,106,Park Horizon,1bed room+Hall,659.0,150000.0,95000.0,58.0,Person,New
2027-01-19,106,Collective 2.0,2 bed rooms+hall,727.0,130000.0,112500.0,16.0,Authority,New
2027-01-19,106,Park Field,1bed room+Hall,646.0,130000.0,110000.0,18.0,Authority,New
2027-01-19,106,ACACIA AT PARK HEIGHTS,1bed room+Hall,920.0,128000.0,120000.0,7.0,Person,New
2027-01-19,106,Collective,2 bed rooms+hall,731.0,120000.0,101134.76999999999,19.0,Authority,Renew
2027-01-19,106,Socio,2 bed rooms+hall,722.0,120000.0,115000.0,4.0,Authority,New
2027-01-19,106,Park Field,1bed room+Hall,645.0,115000.0,110000.0,5.0,Authority,New
2027-01-19,106,Park Horizon,1bed room+Hall,659.0,110000.0,95000.0,16.0,Person,New
2027-01-19,106,Lime Gardens,1bed room+Hall,649.0,110000.0,90000.0,22.0,Authority,New
2027-01-19,106,Collective 2.0,2 bed rooms+hall,735.0,100000.0,112500.0,-11.0,Authority,Renew
2027-01-19,106,PARK HEIGHTS II,1bed room+Hall,646.0,95000.0,87500.0,9.0,Authority,New
2027-01-19,106,ACACIA AT PARK HEIGHTS,1bed room+Hall,935.0,93000.0,120000.0,-23.0,Person,Renew
2027-01-19,106,Park Heights I,2 bed rooms+hall,959.0,90586.65,125000.0,-28.0,,Renew
2027-01-19,106,PARK RIDGE,1bed room+Hall,647.0,90000.0,95000.0,-5.0,Authority,Renew
2027-01-19,106,PARK HEIGHTS II,1bed room+Hall,645.0,90000.0,87500.0,3.0,Person,New
2027-01-19,106,PARK RIDGE,1bed room+Hall,660.0,85000.0,95000.0,-11.0,Authority,Renew
2027-01-19,106,Golf ville,1bed room+Hall,496.0,75000.0,75000.0,0.0,Person,New
2027-01-19,106,MAG EYE Phase 1,Studio,433.0,58000.0,55000.0,5.0,Authority,New
2027-01-19,106,MAG EYE Phase 1,Studio,397.0,55000.0,55000.0,0.0,Authority,New
2027-01-20,107,Sidra 2,3 bed rooms+hall,4525.0,362250.0,370000.0,-2.0,Authority,New
2027-01-20,107,Dubai Hills Estate,Shop,716.0,304262.0,,,Authority,New
2027-01-20,107,Sidra 3,3 bed rooms+hall,4359.0,300300.0,372500.0,-19.0,Authority,Renew
2027-01-20,107,MULBERRY at PARK HEIGHTS,2 bed rooms+hall,1897.0,230000.0,178508.715,29.0,Authority,New
2027-01-20,107,MAPLE 2,3 bed rooms+hall,2091.0,187110.0,220000.0,-15.0,Person,Renew
2027-01-20,107,Park Field,1bed room+Hall,724.0,120000.0,110000.0,9.0,Authority,New
2027-01-20,107,PARK RIDGE,1bed room+Hall,652.0,120000.0,95000.0,26.0,Authority,Renew
2027-01-20,107,Collective 2.0,2 bed rooms+hall,742.0,120000.0,112500.0,7.0,Person,New
2027-01-20,107,PARK HEIGHTS II,1bed room+Hall,645.0,110000.0,87500.0,26.0,Authority,New
2027-01-20,107,Collective,1bed room+Hall,476.0,107000.0,78000.0,37.0,Authority,New
2027-01-20,107,Park Field,1bed room+Hall,651.0,105000.0,110000.0,-5.0,Person,New
2027-01-20,107,Collective 2.0,1bed room+Hall,488.0,95000.0,80000.0,19.0,Authority,New
2027-01-20,107,Collective,1bed room+Hall,476.0,90000.0,78000.0,15.0,Authority,Renew
2027-01-20,107,PARK RIDGE,1bed room+Hall,654.0,86000.0,95000.0,-9.0,Authority,Renew
2027-01-20,107,ACACIA AT PARK HEIGHTS,1bed room+Hall,1079.0,85250.0,120000.0,-29.0,Person,Renew
2027-01-20,107,MAG EYE Phase 1,Studio,414.0,60000.0,55000.0,9.0,Person,Renew
2027-01-20,107,MAG EYE Phase 1,Studio,411.0,50000.0,55000.0,-9.0,Person,Renew
2027-01-21,108,Sidra 3,3 bed rooms+hall,5201.0,500000.0,372500.0,34.0,Person,New
2027-01-21,108,Maple III,3 bed rooms+hall,2175.0,255000.0,230000.0,11.0,Authority,Renew
2027-01-21,108,MULBERRY at PARK HEIGHTS,2 bed rooms+hall,1362.0,205000.0,178508.715,15.0,Authority,New
2027-01-21,108,ACACIA AT PARK HEIGHTS,2 bed rooms+hall,1317.0,200000.0,190000.0,5.0,Person,New
2027-01-21,108,ACACIA AT PARK HEIGHTS,1bed room+Hall,910.0,125000.0,120000.0,4.0,Person,New
2027-01-21,108,ACACIA AT PARK HEIGHTS,1bed room+Hall,852.0,120000.0,120000.0,0.0,Person,New
2027-01-21,108,PARK RIDGE,1bed room+Hall,650.0,120000.0,95000.0,26.0,Person,New
2027-01-21,108,PARK RIDGE,2 bed rooms+hall,994.0,118580.0,150000.0,-21.0,Person,Renew
2027-01-21,108,Socio,1bed room+Hall,475.0,95000.0,81666.0,16.0,Authority,New
2027-01-21,108,PARK RIDGE,1bed room+Hall,675.0,95000.0,95000.0,0.0,Authority,New
2027-01-21,108,ACACIA AT PARK HEIGHTS,1bed room+Hall,852.0,87800.0,120000.0,-27.0,Person,Renew
2027-01-21,108,Dubai Hills Estate,Studio,455.0,70000.0,,,Authority,New
2027-01-22,109,Golf Place ll,5 bed rooms+hall,7104.0,1240000.0,1150000.0,8.0,Person,New
2027-01-22,109,Palm Hills,5 bed rooms+hall,7104.0,800000.0,1200000.0,-33.0,Authority,New
2027-01-22,109,Maple III,3 bed rooms+hall,2093.0,305000.0,230000.0,33.0,Authority,New
2027-01-22,109,Lime Gardens,2 bed rooms+hall,955.0,180000.0,145000.0,24.0,Authority,New
2027-01-22,109,ELLINGTON HOUSE,1bed room+Hall,794.0,165000.0,152500.0,8.0,Authority,New
2027-01-22,109,PARK RIDGE,2 bed rooms+hall,984.0,150000.0,150000.0,0.0,Authority,Renew
2027-01-22,109,MULBERRY at PARK HEIGHTS,1bed room+Hall,916.0,125000.0,120000.0,4.0,Authority,Renew
2027-01-22,109,Golf Suites - Dubai Hills,Shop,698.0,120435.67,,,Authority,New
2027-01-22,109,Collective,2 bed rooms+hall,720.0,112500.0,101134.76999999999,11.0,Person,New
2027-01-22,109,PARK RIDGE,1bed room+Hall,652.0,105000.0,95000.0,11.0,Person,New
2027-01-22,109,Golf ville,2 bed rooms+hall,750.0,100000.0,105000.0,-5.0,Person,Renew
2027-01-22,109,ACACIA AT PARK HEIGHTS,1bed room+Hall,935.0,93000.0,120000.0,-23.0,Person,Renew
2027-01-22,109,ACACIA AT PARK HEIGHTS,1bed room+Hall,935.0,90415.0,120000.0,-25.0,Person,Renew
2027-01-22,109,Park Horizon,1bed room+Hall,659.0,90000.0,95000.0,-5.0,Person,New
2027-01-22,109,Golf ville,1bed room+Hall,496.0,85000.0,75000.0,13.0,Person,New
2027-01-22,109,Collective 2.0,1bed room+Hall,480.0,80000.0,80000.0,0.0,Person,Renew
2027-01-22,109,Golf ville,1bed room+Hall,500.0,78000.0,75000.0,4.0,Authority,Renew
2027-01-22,109,MAG EYE Phase 1,Studio,414.0,57000.0,55000.0,4.0,Person,Renew
2027-01-22,109,MAG EYE Phase 1,Studio,419.0,56000.0,55000.0,2.0,Person,Renew
2027-01-22,109,MAG EYE Phase 1,Studio,391.0,53000.0,55000.0,-4.0,Person,Renew
2027-01-23,110,MAPLE 2,Shop,1367.0,463529.33,593066.67,-22.0,Authority,New
2027-01-23,110,MAPLE 2,4 bed rooms+hall,3146.0,300000.0,265000.0,13.0,Authority,New
2027-01-23,110,MAPLE 2,4 bed rooms+hall,3285.0,290000.0,265000.0,9.0,Person,Renew
2027-01-23,110,MAPLE,3 bed rooms+hall,2073.0,275000.0,244565.22,12.0,Authority,New
2027-01-23,110,MAPLE 2,3 bed rooms+hall,2081.0,213675.0,220000.0,-3.0,Person,Renew
2027-01-23,110,Park Field,2 bed rooms+hall,1032.0,210000.0,160000.0,31.0,Authority,New
2027-01-23,110,MAG EYE Phase 1,3 bed rooms+hall,1476.0,207000.0,190000.0,9.0,Authority,New
2027-01-23,110,ACACIA AT PARK HEIGHTS,2 bed rooms+hall,1144.0,175000.0,190000.0,-8.0,Authority,New
2027-01-23,110,MAG EYE Phase 1,2 bed rooms+hall,1411.0,170458.22,160000.0,7.0,Person,Renew
2027-01-23,110,Dubai Hills Estate,1bed room+Hall,852.0,140000.0,,,Person,New
2027-01-23,110,Collective,2 bed rooms+hall,743.0,110000.0,101134.76999999999,9.0,Authority,Renew
2027-01-23,110,Park Point,1bed room+Hall,688.0,95000.0,92000.0,3.0,Authority,Renew
2027-01-23,110,Collective,1bed room+Hall,476.0,84000.0,78000.0,8.0,Authority,New
2027-01-23,110,Dubai Hills Estate,Studio,487.0,73000.0,,,Authority,New
2027-01-23,110,MAG EYE Phase 1,Studio,413.0,55000.0,55000.0,0.0,Authority,Renew
2027-01-23,110,MAG EYE Phase 1,Studio,418.0,52000.0,55000.0,-5.0,Authority,New
2027-01-24,111,Golf Place ll,5 bed rooms+hall,8699.0,1300000.0,1150000.0,13.0,Person,New
2027-01-24,111,Sidra 2,3 bed rooms+hall,4469.0,365000.0,370000.0,-1.0,Person,New
2027-01-24,111,Sidra 3,4 bed rooms+hall,4712.0,332640.0,450000.0,-26.0,,Renew
2027-01-24,111,MAG EYE Phase 1,4 bed rooms+hall,3802.0,310000.0,300000.0,3.0,Person,Renew
2027-01-24,111,MAPLE,4 bed rooms+hall,2989.0,303000.0,260000.0,17.0,Authority,Renew
2027-01-24,111,Maple III,4 bed rooms+hall,3072.0,300000.0,275000.0,9.0,Authority,New
2027-01-24,111,MAPLE 2,4 bed rooms+hall,2167.0,290000.0,265000.0,9.0,Authority,Renew
2027-01-24,111,PARK HEIGHTS II,2 bed rooms+hall,1074.0,280000.0,124000.0,126.0,Authority,Renew
2027-01-24,111,MAPLE 2,4 bed rooms+hall,2176.0,275000.0,265000.0,4.0,Person,New
2027-01-24,111,Park Horizon,3 bed rooms+hall,1352.0,255000.0,220000.0,16.0,Authority,New
2027-01-24,111,PARK HEIGHTS II,3 bed rooms+hall,1609.0,195000.0,200000.0,-3.0,Person,Renew
2027-01-24,111,PARK HEIGHTS II,2 bed rooms+hall,956.0,148500.0,124000.0,20.0,Authority,Renew
2027-01-24,111,PARK HEIGHTS II,2 bed rooms+hall,1075.0,145000.0,124000.0,17.0,Authority,Renew
2027-01-24,111,ACACIA AT PARK HEIGHTS,1bed room+Hall,904.0,130000.0,120000.0,8.0,Authority,Renew
2027-01-24,111,PARK RIDGE,1bed room+Hall,675.0,100000.0,95000.0,5.0,Authority,New
2027-01-24,111,Golf ville,2 bed rooms+hall,748.0,100000.0,105000.0,-5.0,Person,Renew
2027-01-24,111,PARK RIDGE,1bed room+Hall,648.0,95000.0,95000.0,0.0,Person,New
2027-01-24,111,MAG EYE Phase 1,1bed room+Hall,900.0,95000.0,80000.0,19.0,Authority,Renew
2027-01-24,111,PARK HEIGHTS II,1bed room+Hall,645.0,93000.0,87500.0,6.0,Authority,New
2027-01-24,111,Park Heights I,1bed room+Hall,646.0,90000.0,89000.0,1.0,Person,Renew
2027-01-24,111,MAG EYE Phase 1,1bed room+Hall,793.0,90000.0,80000.0,13.0,Person,New
2027-01-24,111,MULBERRY at PARK HEIGHTS,1bed room+Hall,871.0,84216.0,120000.0,-30.0,Authority,New
2027-01-24,111,MAG EYE Phase 1,Studio,470.0,60000.0,55000.0,9.0,Person,Renew
2027-01-24,111,MAG EYE Phase 1,Studio,396.0,60000.0,55000.0,9.0,Person,Renew
2027-01-24,111,MAG EYE Phase 1,Studio,418.0,53000.0,55000.0,-4.0,Person,Renew
2027-01-24,111,MAG EYE Phase 1,Studio,414.0,50000.0,55000.0,-9.0,Authority,Renew
2027-01-25,112,MULBERRY at PARK HEIGHTS,3 bed rooms+hall,1952.0,310000.0,285000.0,9.0,Person,New
2027-01-25,112,MAPLE 2,4 bed rooms+hall,3260.0,280000.0,265000.0,6.0,Authority,New
2027-01-25,112,Maple III,3 bed rooms+hall,2099.0,270000.0,230000.0,17.0,Authority,New
2027-01-25,112,Park Field,2 bed rooms+hall,1037.0,180000.0,160000.0,13.0,Authority,New
2027-01-25,112,PARK RIDGE,2 bed rooms+hall,995.0,180000.0,150000.0,20.0,Person,New
2027-01-25,112,Park Horizon,2 bed rooms+hall,1002.0,175000.0,149000.0,17.0,Authority,New
2027-01-25,112,MULBERRY at PARK HEIGHTS,1bed room+Hall,915.0,175000.0,120000.0,46.0,,New
2027-01-25,112,Park Field,2 bed rooms+hall,1039.0,160000.0,160000.0,0.0,Person,New
2027-01-25,112,ELLINGTON HOUSE,1bed room+Hall,866.0,155000.0,152500.0,2.0,Person,New
2027-01-25,112,Collective,2 bed rooms+hall,729.0,150000.0,101134.76999999999,48.0,Authority,New
2027-01-25,112,Hills Park,2 bed rooms+hall,990.0,150000.0,125000.0,20.0,Person,New
2027-01-25,112,Dubai Hills Estate,1bed room+Hall,852.0,145000.0,,,Person,New
2027-01-25,112,Dubai Hills Estate,1bed room+Hall,852.0,145000.0,,,Person,New
2027-01-25,112,Park Field,1bed room+Hall,646.0,125000.0,110000.0,14.0,Authority,New
2027-01-25,112,Park Field,1bed room+Hall,645.0,125000.0,110000.0,14.0,Authority,New
2027-01-25,112,ACACIA AT PARK HEIGHTS,1bed room+Hall,920.0,110000.0,120000.0,-8.0,Person,Renew
2027-01-25,112,PARK RIDGE,1bed room+Hall,664.0,94745.31,95000.0,-0.0,Person,New
2027-01-25,112,MAG EYE Phase 1,Studio,416.0,60000.0,55000.0,9.0,Person,New
2027-01-25,112,MAG EYE Phase 1,Studio,397.0,56000.0,55000.0,2.0,Person,Renew
2027-01-25,112,MAG EYE Phase 1,Studio,413.0,56000.0,55000.0,2.0,Authority,New
2027-01-26,113,Golf Grove,3 bed rooms+hall,2886.0,405000.0,395000.0,3.0,Authority,New
2027-01-26,113,MAPLE,4 bed rooms+hall,3680.0,300000.0,260000.0,15.0,Person,New
2027-01-26,113,MAPLE,3 bed rooms+hall,2089.0,220000.0,244565.22,-10.0,Person,Renew
2027-01-26,113,MULBERRY at PARK HEIGHTS,1bed room+Hall,871.0,125000.0,120000.0,4.0,Authority,Renew
2027-01-26,113,ACACIA AT PARK HEIGHTS,1bed room+Hall,920.0,115000.0,120000.0,-4.0,Person,Renew
2027-01-26,113,Park Point,1bed room+Hall,723.0,100000.0,92000.0,9.0,Authority,New
2027-01-26,113,Park Heights I,1bed room+Hall,646.0,95000.0,89000.0,7.0,Person,Renew
2027-01-26,113,Socio,1bed room+Hall,472.0,88000.0,81666.0,8.0,Authority,New
2027-01-26,113,Collective 2.0,1bed room+Hall,489.0,80000.0,80000.0,0.0,Authority,New
2027-01-26,113,Golf ville,1bed room+Hall,507.0,73000.0,75000.0,-3.0,Person,Renew
2027-01-26,113,MAG EYE Phase 1,Studio,418.0,60000.0,55000.0,9.0,Authority,New
2027-01-26,113,MAG EYE Phase 1,Studio,414.0,60000.0,55000.0,9.0,Person,Renew
2027-01-26,113,MAG EYE Phase 1,Studio,413.0,58000.0,55000.0,5.0,Person,New
2027-01-26,113,MAG EYE Phase 1,Studio,414.0,53000.0,55000.0,-4.0,Authority,New
2027-01-27,114,Golf Suites - Dubai Hills,3 bed rooms+hall,1697.0,320000.0,320000.0,0.0,Authority,New
2027-01-27,114,ACACIA AT PARK HEIGHTS,2 bed rooms+hall,1715.0,210000.0,190000.0,11.0,Person,New
2027-01-27,114,Lime Gardens,2 bed rooms+hall,977.0,200000.0,145000.0,38.0,Authority,New
2027-01-27,114,Park Field,2 bed rooms+hall,1128.0,195000.0,160000.0,22.0,Authority,New
2027-01-27,114,PARK RIDGE,2 bed rooms+hall,989.0,170000.0,150000.0,13.0,Authority,Renew
2027-01-27,114,PARK RIDGE,2 bed rooms+hall,989.0,170000.0,150000.0,13.0,Authority,Renew
2027-01-27,114,Dubai Hills Estate,1bed room+Hall,865.0,160000.0,,,Person,New
2027-01-27,114,PARK RIDGE,1bed room+Hall,649.0,88200.0,95000.0,-7.0,Person,Renew
2027-01-28,115,Dubai Hills Estate,3 bed rooms+hall,2116.0,375000.0,,,Person,Renew
2027-01-28,115,MAPLE 2,4 bed rooms+hall,3303.0,280000.0,265000.0,6.0,Authority,New
2027-01-28,115,MAPLE 2,4 bed rooms+hall,3527.0,280000.0,265000.0,6.0,Authority,New
2027-01-28,115,Lime Gardens,2 bed rooms+hall,977.0,190000.0,145000.0,31.0,Person,New
2027-01-28,115,ACACIA AT PARK HEIGHTS,2 bed rooms+hall,2588.0,165000.0,190000.0,-13.0,Person,Renew
2027-01-28,115,Dubai Hills Estate,1bed room+Hall,860.0,160000.0,,,Person,New
2027-01-28,115,PARK RIDGE,2 bed rooms+hall,1003.0,124162.5,150000.0,-17.0,Person,Renew
2027-01-28,115,Golf Suites - Dubai Hills,1bed room+Hall,627.0,110000.0,100000.0,10.0,Authority,Renew
2027-01-28,115,PARK RIDGE,1bed room+Hall,654.0,105000.0,95000.0,11.0,Person,New
2027-01-28,115,PARK HEIGHTS II,1bed room+Hall,645.0,88000.0,87500.0,1.0,Person,New
2027-01-28,115,Collective,1bed room+Hall,488.0,78750.0,78000.0,1.0,Authority,Renew
2027-01-28,115,MAG EYE Phase 1,Studio,408.0,65000.0,55000.0,18.0,Authority,New
2027-01-29,116,Palm Hills,5 bed rooms+hall,7104.0,975000.0,1200000.0,-19.0,Person,New
2027-01-29,116,Golf Suites - Dubai Hills,3 bed rooms+hall,1717.0,430000.0,320000.0,34.0,Authority,New
2027-01-29,116,MULBERRY at PARK HEIGHTS,3 bed rooms+hall,1953.0,370000.0,285000.0,30.0,Person,New
2027-01-29,116,PARK RIDGE,2 bed rooms+hall,1009.0,180000.0,150000.0,20.0,Authority,New
2027-01-29,116,Park Point,2 bed rooms+hall,1316.0,155000.0,140000.0,11.0,Person,New
2027-01-29,116,Dubai Hills Estate,1bed room+Hall,856.0,145000.0,,,Person,New
2027-01-29,116,Collective 2.0,2 bed rooms+hall,732.0,135000.0,112500.0,20.0,Authority,New
2027-01-29,116,Collective 2.0,2 bed rooms+hall,736.0,130000.0,112500.0,16.0,Person,New
2027-01-29,116,PARK RIDGE,1bed room+Hall,652.0,120000.0,95000.0,26.0,Authority,New
2027-01-29,116,PARK RIDGE,1bed room+Hall,649.0,120000.0,95000.0,26.0,Authority,New
2027-01-29,116,Dubai Hills Estate,Shop,1015.0,100000.0,,,,New
2027-01-29,116,Collective 2.0,1bed room+Hall,478.0,94000.0,80000.0,18.0,Person,New
2027-01-29,116,ACACIA AT PARK HEIGHTS,1bed room+Hall,923.0,90000.0,120000.0,-25.0,Person,Renew
2027-01-29,116,MAG EYE Phase 1,Studio,394.0,61000.0,55000.0,11.0,Person,New
2027-01-29,116,MAG EYE Phase 1,Studio,394.0,60000.0,55000.0,9.0,Person,New
2027-01-30,117,MAG EYE Phase 1,4 bed rooms+hall,3446.0,330000.0,300000.0,10.0,Person,New
2027-01-30,117,MAPLE 2,3 bed rooms+hall,2092.0,260349.93,220000.0,18.0,Person,New
2027-01-30,117,ELLINGTON HOUSE,2 bed rooms+hall,1367.0,225000.0,273000.0,-18.0,Authority,New
2027-01-30,117,MAPLE 2,3 bed rooms+hall,2224.0,210000.0,220000.0,-5.0,Authority,Renew
2027-01-30,117,PARK HEIGHTS II,3 bed rooms+hall,1611.0,210000.0,200000.0,5.0,Authority,Renew
2027-01-30,117,MAG EYE Phase 1,2 bed rooms+hall,1411.0,191000.0,160000.0,19.0,Person,New
2027-01-30,117,Dubai Hills Estate,1bed room+Hall,852.0,155000.0,,,Person,New
2027-01-30,117,MULBERRY at PARK HEIGHTS,1bed room+Hall,990.0,135000.0,120000.0,13.0,Authority,New
2027-01-30,117,PARK HEIGHTS II,2 bed rooms+hall,959.0,132618.91,124000.0,7.0,Person,New
2027-01-30,117,Collective 2.0,2 bed rooms+hall,731.0,120000.0,112500.0,7.0,Person,New
2027-01-30,117,Park Horizon,1bed room+Hall,659.0,120000.0,95000.0,26.0,Authority,New
2027-01-30,117,PARK HEIGHTS II,1bed room+Hall,645.0,115000.0,87500.0,31.0,Authority,Renew
2027-01-30,117,Park Field,1bed room+Hall,648.0,115000.0,110000.0,5.0,Authority,New
2027-01-30,117,Park Heights I,1bed room+Hall,645.0,110000.0,89000.0,24.0,Authority,New
2027-01-30,117,MAPLE 2,Shop,326.0,109644.67,593066.67,-82.0,Authority,New
2027-01-30,117,Collective,2 bed rooms+hall,720.0,105000.0,101134.76999999999,4.0,Authority,Renew
2027-01-30,117,Golf Grand,1bed room+Hall,711.0,100000.0,85000.0,18.0,Person,New
2027-01-30,117,Collective 2.0,1bed room+Hall,478.0,95000.0,80000.0,19.0,Person,New
2027-01-30,117,PARK HEIGHTS II,1bed room+Hall,645.0,90000.0,87500.0,3.0,Authority,Renew
2027-01-30,117,Collective 2.0,1bed room+Hall,489.0,85000.0,80000.0,6.0,Person,New
2027-01-30,117,Dubai Hills Estate,Studio,389.0,80000.0,,,Authority,New
2027-01-30,117,Golf ville,1bed room+Hall,507.0,70000.0,75000.0,-7.0,Person,New
2027-01-30,117,MAG EYE Phase 1,Studio,396.0,62000.0,55000.0,13.0,Person,New
2027-01-30,117,MAG EYE Phase 1,Studio,416.0,57000.0,55000.0,4.0,Person,New
2027-01-31,118,FAIRWAY VISTAS,6 bed rooms+hall,17291.0,1821600.0,2300000.0,-21.0,Person,New
2027-01-31,118,Sidra 2,5 bed rooms+hall,6383.0,640000.0,635000.0,1.0,Authority,Renew
2027-01-31,118,Sidra 2,4 bed rooms+hall,4732.0,490000.0,460000.0,7.0,Authority,Renew
2027-01-31,118,Dubai Hills Estate,3 bed rooms+hall,3407.0,462731.71,,,Authority,New
2027-01-31,118,SIDRA,3 bed rooms+hall,5344.0,450000.0,400000.0,13.0,Person,New
2027-01-31,118,SIDRA,4 bed rooms+hall,5638.0,450000.0,430000.0,5.0,Person,Renew
2027-01-31,118,Sidra 2,4 bed rooms+hall,4808.0,450000.0,460000.0,-2.0,Authority,New
2027-01-31,118,Sidra 3,4 bed rooms+hall,4972.0,440000.0,450000.0,-2.0,Person,New
2027-01-31,118,ELLINGTON HOUSE,3 bed rooms+hall,1740.0,430000.0,430000.0,0.0,Person,New
2027-01-31,118,Dubai Hills Estate,3 bed rooms+hall,2036.0,400000.0,,,Person,New
2027-01-31,118,Dubai Hills Estate,Office,3367.0,388898.9,,,Authority,Renew
2027-01-31,118,Maple III,5 bed rooms+hall,3236.0,370000.0,,,Authority,Renew
2027-01-31,118,Dubai Hills Estate,Office,3161.0,365065.47,,,Authority,New
2027-01-31,118,Sidra 3,3 bed rooms+hall,4641.0,335000.0,372500.0,-10.0,Person,New
2027-01-31,118,Maple III,4 bed rooms+hall,2308.0,320000.0,275000.0,16.0,Authority,Renew
2027-01-31,118,MAPLE,4 bed rooms+hall,2164.0,320000.0,260000.0,23.0,Authority,Renew
2027-01-31,118,MAPLE 2,4 bed rooms+hall,2923.0,310000.0,265000.0,17.0,Person,Renew
2027-01-31,118,MAPLE,4 bed rooms+hall,3001.0,300000.0,260000.0,15.0,Person,New
2027-01-31,118,MAPLE,3 bed rooms+hall,2100.0,300000.0,244565.22,23.0,Authority,New
2027-01-31,118,MAPLE 2,4 bed rooms+hall,3757.0,300000.0,265000.0,13.0,Person,New
2027-01-31,118,Dubai Hills Estate,2 bed rooms+hall,1684.0,295000.0,,,Person,New
2027-01-31,118,MAPLE,4 bed rooms+hall,2174.0,290000.0,260000.0,12.0,Authority,New
2027-01-31,118,MAPLE,4 bed rooms+hall,2173.0,290000.0,260000.0,12.0,,Renew
2027-01-31,118,Dubai Hills Estate,2 bed rooms+hall,1684.0,290000.0,,,Person,New
2027-01-31,118,ELLINGTON HOUSE,2 bed rooms+hall,1274.0,280000.0,273000.0,3.0,Person,New
2027-01-31,118,MULBERRY at PARK HEIGHTS,3 bed rooms+hall,1941.0,273000.0,285000.0,-4.0,Authority,Renew
2027-01-31,118,ELLINGTON HOUSE,2 bed rooms+hall,1302.0,270000.0,273000.0,-1.0,Person,New
2027-01-31,118,MAPLE 2,3 bed rooms+hall,2082.0,260000.0,220000.0,18.0,Authority,New
2027-01-31,118,MAPLE,3 bed rooms+hall,2078.0,255000.0,244565.22,4.0,Person,New
2027-01-31,118,MULBERRY at PARK HEIGHTS,2 bed rooms+hall,2043.0,240000.0,178508.715,34.0,Person,Renew
2027-01-31,118,MAPLE 2,3 bed rooms+hall,2160.0,230000.0,220000.0,5.0,Person,New
2027-01-31,118,ACACIA AT PARK HEIGHTS,2 bed rooms+hall,1541.0,230000.0,190000.0,21.0,Authority,New
2027-01-31,118,MAPLE 2,3 bed rooms+hall,2260.0,220000.0,220000.0,0.0,Person,Renew
2027-01-31,118,ACACIA AT PARK HEIGHTS,2 bed rooms+hall,1592.0,210000.0,190000.0,11.0,Person,New
2027-01-31,118,MAG EYE Phase 1,3 bed rooms+hall,1476.0,200000.0,190000.0,5.0,Person,Renew
2027-01-31,118,ACACIA AT PARK HEIGHTS,2 bed rooms+hall,1542.0,200000.0,190000.0,5.0,Authority,New
2027-01-31,118,Park Field,2 bed rooms+hall,1010.0,200000.0,160000.0,25.0,Person,New
2027-01-31,118,Park Horizon,2 bed rooms+hall,1004.0,170000.0,149000.0,14.0,Person,New
2027-01-31,118,MAG EYE Phase 1,2 bed rooms+hall,1187.0,164000.0,160000.0,3.0,Person,New
2027-01-31,118,PARK RIDGE,2 bed rooms+hall,990.0,152250.0,150000.0,2.0,Person,Renew
2027-01-31,118,Park Point,2 bed rooms+hall,1022.0,150000.0,140000.0,7.0,Authority,Renew
2027-01-31,118,MULBERRY at PARK HEIGHTS,2 bed rooms+hall,1307.0,146667.0,178508.715,-18.0,Person,Renew
2027-01-31,118,PARK HEIGHTS II,2 bed rooms+hall,956.0,142000.0,124000.0,15.0,Person,Renew
2027-01-31,118,Park Point,2 bed rooms+hall,1019.0,140000.0,140000.0,0.0,Authority,New
2027-01-31,118,Park Horizon,1bed room+Hall,659.0,140000.0,95000.0,47.0,Authority,New
2027-01-31,118,Prive Residence,2 bed rooms+hall,974.0,135000.0,135000.0,0.0,Person,New
2027-01-31,118,PARK HEIGHTS II,2 bed rooms+hall,1089.0,135000.0,124000.0,9.0,Person,New
2027-01-31,118,PARK RIDGE,2 bed rooms+hall,996.0,130000.0,150000.0,-13.0,Person,New
2027-01-31,118,PARK HEIGHTS II,2 bed rooms+hall,1074.0,130000.0,124000.0,5.0,Authority,Renew
2027-01-31,118,MULBERRY at PARK HEIGHTS,1bed room+Hall,1001.0,125000.0,120000.0,4.0,Person,New
2027-01-31,118,MULBERRY at PARK HEIGHTS,1bed room+Hall,915.0,125000.0,120000.0,4.0,Authority,New
2027-01-31,118,PARK RIDGE,1bed room+Hall,675.0,125000.0,95000.0,32.0,Person,New
2027-01-31,118,Dubai Hills Estate,1bed room+Hall,763.0,120000.0,,,Person,Renew
2027-01-31,118,Golf ville,2 bed rooms+hall,768.0,120000.0,105000.0,14.0,Authority,New
2027-01-31,118,Collective 2.0,2 bed rooms+hall,732.0,120000.0,112500.0,7.0,Authority,New
2027-01-31,118,PARK HEIGHTS II,2 bed rooms+hall,1089.0,120000.0,124000.0,-3.0,Person,Renew
2027-01-31,118,MULBERRY at PARK HEIGHTS,1bed room+Hall,870.0,120000.0,120000.0,0.0,,Renew
2027-01-31,118,Park Field,1bed room+Hall,645.0,118000.0,110000.0,7.0,Authority,New
2027-01-31,118,PARK RIDGE,1bed room+Hall,654.0,115000.0,95000.0,21.0,Authority,New
2027-01-31,118,PARK RIDGE,1bed room+Hall,651.0,115000.0,95000.0,21.0,Authority,New
2027-01-31,118,PARK RIDGE,1bed room+Hall,655.0,110000.0,95000.0,16.0,Authority,New
2027-01-31,118,Prive Residence,1bed room+Hall,668.0,110000.0,98000.0,12.0,Authority,New
2027-01-31,118,Lime Gardens,1bed room+Hall,646.0,110000.0,90000.0,22.0,Authority,New
2027-01-31,118,Collective 2.0,2 bed rooms+hall,756.0,110000.0,112500.0,-2.0,Person,Renew
2027-01-31,118,Dubai Hills Estate,1bed room+Hall,978.0,110000.0,,,Authority,Renew
2027-01-31,118,PARK RIDGE,1bed room+Hall,660.0,110000.0,95000.0,16.0,Person,New
2027-01-31,118,Socio,1bed room+Hall,482.0,97000.0,81666.0,19.0,Authority,New
2027-01-31,118,PARK HEIGHTS II,1bed room+Hall,645.0,96000.0,87500.0,10.0,Person,Renew
2027-01-31,118,Collective,1bed room+Hall,487.0,95000.0,78000.0,22.0,Person,New
2027-01-31,118,Collective 2.0,1bed room+Hall,496.0,95000.0,80000.0,19.0,Authority,New
2027-01-31,118,PARK RIDGE,1bed room+Hall,668.0,90000.0,95000.0,-5.0,Person,New
2027-01-31,118,Park Horizon,1bed room+Hall,659.0,90000.0,95000.0,-5.0,Authority,New
2027-01-31,118,PARK HEIGHTS II,1bed room+Hall,648.0,90000.0,87500.0,3.0,Person,Renew
2027-01-31,118,MAG EYE Phase 1,1bed room+Hall,753.0,90000.0,80000.0,13.0,Authority,New
2027-01-31,118,ACACIA AT PARK HEIGHTS,1bed room+Hall,951.0,87360.0,120000.0,-27.0,Person,Renew
2027-01-31,118,ACACIA AT PARK HEIGHTS,1bed room+Hall,928.0,85250.0,120000.0,-29.0,Person,Renew
2027-01-31,118,MAG EYE Phase 1,1bed room+Hall,857.0,85000.0,80000.0,6.0,Authority,New
2027-01-31,118,PARK HEIGHTS II,1bed room+Hall,648.0,80850.0,87500.0,-8.0,Authority,Renew
2027-01-31,118,PARK RIDGE,1bed room+Hall,641.0,80260.38,95000.0,-16.0,Person,Renew
2027-01-31,118,PARK RIDGE,1bed room+Hall,668.0,80000.0,95000.0,-16.0,Authority,Renew
2027-01-31,118,Park Heights I,1bed room+Hall,646.0,77700.0,89000.0,-13.0,Person,Renew
2027-01-31,118,MAG EYE Phase 1,Studio,417.0,65000.0,55000.0,18.0,Person,New
2027-01-31,118,MAG EYE Phase 1,Studio,414.0,60000.0,55000.0,9.0,Authority,New
2027-01-31,118,MAG EYE Phase 1,Studio,394.0,60000.0,55000.0,9.0,Person,New
2027-01-31,118,MAG EYE Phase 1,Studio,427.0,60000.0,55000.0,9.0,Authority,New
2027-01-31,118,MAG EYE Phase 1,Studio,416.0,56000.0,55000.0,2.0,Authority,New
2027-01-31,118,MAG EYE Phase 1,Studio,412.0,55000.0,55000.0,0.0,Authority,Renew
2027-01-31,118,MAG EYE Phase 1,Studio,419.0,54836.8,55000.0,-0.0,Authority,New
2027-01-31,118,ACACIA AT PARK HEIGHTS,1bed room+Hall,968.0,42500.0,120000.0,-65.0,Person,Renew
2027-01-31,118,MAG EYE Phase 1,Studio,411.0,40000.0,55000.0,-27.0,Authority,Renew
2027-02-01,119,MAPLE 2,Shop,1955.0,700606.0,593066.67,18.0,Authority,Renew
2027-02-01,119,MAPLE,Food court,1938.0,420000.0,,,Authority,New
2027-02-01,119,MULBERRY at PARK HEIGHTS,3 bed rooms+hall,1952.0,310000.0,285000.0,9.0,Person,New
2027-02-01,119,Maple III,3 bed rooms+hall,2179.0,181500.0,230000.0,-21.0,Authority,Renew
2027-02-01,119,ACACIA AT PARK HEIGHTS,2 bed rooms+hall,1361.0,155000.0,190000.0,-18.0,Person,Renew
2027-02-01,119,PARK HEIGHTS II,2 bed rooms+hall,955.0,138000.0,124000.0,11.0,Person,Renew
2027-02-01,119,THE GROVE BY IMAN,Studio,483.0,120000.0,75000.0,60.0,Authority,New
2027-02-01,119,PARK RIDGE,1bed room+Hall,675.0,110000.0,95000.0,16.0,Authority,New
2027-02-01,119,Park Field,1bed room+Hall,645.0,105000.0,110000.0,-5.0,Authority,New
2027-02-01,119,MAG EYE Phase 1,1bed room+Hall,863.0,100000.0,80000.0,25.0,Person,New
2027-02-01,119,Lime Gardens,1bed room+Hall,650.0,100000.0,90000.0,11.0,Person,New
2027-02-01,119,Prive Residence,1bed room+Hall,739.0,100000.0,98000.0,2.0,Person,Renew
2027-02-01,119,ACACIA AT PARK HEIGHTS,1bed room+Hall,765.0,100000.0,120000.0,-17.0,Person,New
2027-02-01,119,PARK RIDGE,1bed room+Hall,649.0,100000.0,95000.0,5.0,Person,Renew
2027-02-01,119,Dubai Hills Estate,1bed room+Hall,764.0,100000.0,,,Authority,New
2027-02-01,119,Hills Park,1bed room+Hall,673.0,99703.26,80000.0,25.0,Authority,New
2027-02-01,119,MAG EYE Phase 1,1bed room+Hall,890.0,95000.0,80000.0,19.0,Person,Renew
2027-02-01,119,Socio,1bed room+Hall,472.0,92000.0,81666.0,13.0,Person,Renew
2027-02-01,119,MAG EYE Phase 1,1bed room+Hall,787.0,90000.0,80000.0,13.0,Person,Renew
2027-02-01,119,Socio,1bed room+Hall,475.0,85000.0,81666.0,4.0,Person,Renew
2027-02-01,119,MAG EYE Phase 1,Studio,396.0,55000.0,55000.0,0.0,Authority,Renew
2027-02-01,119,ELLINGTON HOUSE,3 bed rooms+hall,1743.0,50000.0,430000.0,-88.0,Authority,New
2027-02-02,120,Dubai Hills Estate,3 bed rooms+hall,2036.0,390000.0,,,Person,New
2027-02-02,120,MAPLE,5 bed rooms+hall,3361.0,325000.0,297500.0,9.0,Authority,New
2027-02-02,120,PARK RIDGE,3 bed rooms+hall,1574.0,250000.0,240000.0,4.0,Person,Renew
2027-02-02,120,MAPLE 2,3 bed rooms+hall,2137.0,250000.0,220000.0,14.0,Authority,New
2027-02-02,120,ACACIA AT PARK HEIGHTS,2 bed rooms+hall,2034.0,225000.0,190000.0,18.0,Person,New
2027-02-02,120,MAG EYE Phase 1,3 bed rooms+hall,1476.0,215000.0,190000.0,13.0,Authority,New
2027-02-02,120,PARK RIDGE,2 bed rooms+hall,1280.0,190000.0,150000.0,27.0,Person,Renew
2027-02-02,120,Collective 2.0,2 bed rooms+hall,735.0,115000.0,112500.0,2.0,Person,New
2027-02-02,120,Socio,2 bed rooms+hall,743.0,109538.39,115000.0,-5.0,Person,New
2027-02-02,120,ACACIA AT PARK HEIGHTS,1bed room+Hall,990.0,105000.0,120000.0,-13.0,Person,Renew
2027-02-02,120,Lime Gardens,1bed room+Hall,650.0,100000.0,90000.0,11.0,Person,New
2027-02-02,120,ACACIA AT PARK HEIGHTS,1bed room+Hall,799.0,90090.0,120000.0,-25.0,Authority,Renew
2027-02-02,120,Collective,1bed room+Hall,486.0,85000.0,78000.0,9.0,Authority,New
2027-02-02,120,Golf ville,1bed room+Hall,507.0,85000.0,75000.0,13.0,Authority,Renew
2027-02-02,120,Park Point,1bed room+Hall,690.0,79380.0,92000.0,-14.0,Person,Renew
2027-02-02,120,MAG EYE Phase 1,Studio,410.0,54000.0,55000.0,-2.0,Authority,Renew
